ctime,schemaname,relname,indexrelname,idx_scan,idx_tup_read,idx_tup_fetch,idx_blks_read,idx_blks_hit
1650892563.172662,pg_toast,pg_toast_1255,pg_toast_1255_index,2,3,3,2,1
1650892563.172662,pg_toast,pg_toast_1247,pg_toast_1247_index,0,0,0,0,0
1650892563.172662,pg_toast,pg_toast_2604,pg_toast_2604_index,0,0,0,0,0
1650892563.172662,pg_toast,pg_toast_2606,pg_toast_2606_index,0,0,0,0,0
1650892563.172662,pg_toast,pg_toast_2612,pg_toast_2612_index,0,0,0,0,0
1650892563.172662,pg_toast,pg_toast_2600,pg_toast_2600_index,0,0,0,0,0
1650892563.172662,pg_toast,pg_toast_2619,pg_toast_2619_index,10298,41250,41250,16,17264
1650892563.172662,pg_toast,pg_toast_3381,pg_toast_3381_index,0,0,0,0,0
1650892563.172662,pg_toast,pg_toast_3429,pg_toast_3429_index,0,0,0,0,0
1650892563.172662,pg_toast,pg_toast_2618,pg_toast_2618_index,901,3139,3139,14,1450
1650892563.172662,pg_toast,pg_toast_2620,pg_toast_2620_index,0,0,0,0,0
1650892563.172662,pg_toast,pg_toast_3466,pg_toast_3466_index,0,0,0,0,0
1650892563.172662,pg_toast,pg_toast_2609,pg_toast_2609_index,0,0,0,0,0
1650892563.172662,pg_toast,pg_toast_2615,pg_toast_2615_index,0,0,0,0,0
1650892563.172662,pg_toast,pg_toast_1262,pg_toast_1262_index,0,0,0,0,0
1650892563.172662,pg_toast,pg_toast_2964,pg_toast_2964_index,0,0,0,0,0
1650892563.172662,pg_toast,pg_toast_1213,pg_toast_1213_index,0,0,0,0,0
1650892563.172662,pg_toast,pg_toast_1260,pg_toast_1260_index,0,0,0,0,0
1650892563.172662,pg_toast,pg_toast_2396,pg_toast_2396_index,0,0,0,0,0
1650892563.172662,pg_toast,pg_toast_3600,pg_toast_3600_index,0,0,0,0,0
1650892563.172662,pg_toast,pg_toast_3079,pg_toast_3079_index,0,0,0,0,0
1650892563.172662,pg_toast,pg_toast_2328,pg_toast_2328_index,0,0,0,0,0
1650892563.172662,pg_toast,pg_toast_1417,pg_toast_1417_index,0,0,0,0,0
1650892563.172662,pg_toast,pg_toast_1418,pg_toast_1418_index,0,0,0,0,0
1650892563.172662,pg_toast,pg_toast_3118,pg_toast_3118_index,0,0,0,0,0
1650892563.172662,pg_toast,pg_toast_3256,pg_toast_3256_index,0,0,0,0,0
1650892563.172662,pg_toast,pg_toast_6000,pg_toast_6000_index,0,0,0,0,0
1650892563.172662,pg_toast,pg_toast_826,pg_toast_826_index,0,0,0,0,0
1650892563.172662,pg_toast,pg_toast_3394,pg_toast_3394_index,0,0,0,0,0
1650892563.172662,pg_toast,pg_toast_3596,pg_toast_3596_index,0,0,0,0,0
1650892563.172662,pg_toast,pg_toast_3592,pg_toast_3592_index,0,0,0,0,0
1650892563.172662,pg_toast,pg_toast_3456,pg_toast_3456_index,0,0,0,0,0
1650892563.172662,pg_toast,pg_toast_3350,pg_toast_3350_index,0,0,0,0,0
1650892563.172662,pg_toast,pg_toast_6100,pg_toast_6100_index,0,0,0,0,0
1650892563.172662,pg_toast,pg_toast_16401,pg_toast_16401_index,0,0,0,0,0
1650892563.172662,pg_catalog,pg_proc,pg_proc_proname_args_nsp_index,2987,9452,9452,65,6811
1650892563.172662,pg_catalog,pg_type,pg_type_typname_nsp_index,257,44,44,13,865
1650892563.172662,pg_catalog,pg_attribute,pg_attribute_relid_attnam_index,48,60,48,25,3680
1650892563.172662,public,new_order,pk_new_order,4461000,15721844,4107440,11105,44255915
1650892563.172662,pg_catalog,pg_class,pg_class_relname_nsp_index,10008,7303,7303,47,22504
1650892563.172662,pg_catalog,pg_class,pg_class_tblspc_relfilenode_index,0,0,0,15,1484
1650892563.172662,pg_catalog,pg_attrdef,pg_attrdef_adrelid_adnum_index,0,0,0,0,0
1650892563.172662,pg_catalog,pg_type,pg_type_oid_index,29027,28857,28857,36,60041
1650892563.172662,pg_catalog,pg_attribute,pg_attribute_relid_attnum_index,97262,239764,239696,253,202923
1650892563.172662,pg_catalog,pg_attrdef,pg_attrdef_oid_index,0,0,0,0,0
1650892563.172662,pg_catalog,pg_constraint,pg_constraint_conname_nsp_index,0,0,0,2,14
1650892563.172662,pg_catalog,pg_constraint,pg_constraint_conrelid_contypid_conname_index,262,254,254,12,393
1650892563.172662,pg_catalog,pg_constraint,pg_constraint_contypid_index,0,0,0,2,14
1650892563.172662,public,warehouse,pk_warehouse,4787654,9811229,4787654,13,4885853
1650892563.172662,pg_catalog,pg_constraint,pg_constraint_conparentid_index,0,0,0,2,14
1650892563.172662,pg_catalog,pg_inherits,pg_inherits_parent_index,0,0,0,0,0
1650892563.172662,pg_catalog,pg_index,pg_index_indrelid_index,11940,15751,15720,18,13530
1650892563.172662,public,orders,pk_orders,2252331,8409630,8329506,47220,15701316
1650892563.172662,pg_catalog,pg_operator,pg_operator_oprname_l_r_n_index,5604,58159,58159,39,12776
1650892563.172662,pg_catalog,pg_opfamily,pg_opfamily_am_name_nsp_index,0,0,0,0,0
1650892563.172662,pg_catalog,pg_opclass,pg_opclass_am_name_nsp_index,3686,158404,158404,18,4663
1650892563.172662,pg_catalog,pg_am,pg_am_name_index,0,0,0,0,0
1650892563.172662,pg_catalog,pg_amop,pg_amop_fam_strat_index,9364,9364,9364,29,20095
1650892563.172662,pg_catalog,pg_amop,pg_amop_opr_fam_index,6029,20483,20483,44,13410
1650892563.172662,pg_catalog,pg_amproc,pg_amproc_fam_proc_index,10728,26954,26954,100,26353
1650892563.172662,pg_catalog,pg_language,pg_language_name_index,1,1,1,2,0
1650892563.172662,pg_catalog,pg_statistic_ext,pg_statistic_ext_name_index,0,0,0,0,0
1650892563.172662,pg_catalog,pg_statistic_ext,pg_statistic_ext_relid_index,8573,0,0,9,17137
1650892563.172662,pg_catalog,pg_rewrite,pg_rewrite_rel_rulename_index,944,944,944,12,1622
1650892563.172662,pg_catalog,pg_trigger,pg_trigger_tgconstraint_index,0,0,0,0,0
1650892563.172662,pg_catalog,pg_trigger,pg_trigger_tgrelid_tgname_index,0,0,0,0,0
1650892563.172662,pg_catalog,pg_event_trigger,pg_event_trigger_evtname_index,23,0,0,2,21
1650892563.172662,pg_catalog,pg_cast,pg_cast_source_target_index,72563,14905,14905,18,73841
1650892563.172662,pg_catalog,pg_enum,pg_enum_typid_label_index,0,0,0,0,0
1650892563.172662,pg_catalog,pg_enum,pg_enum_typid_sortorder_index,0,0,0,0,0
1650892563.172662,pg_catalog,pg_inherits,pg_inherits_relid_seqno_index,153,0,0,2,304
1650892563.172662,pg_catalog,pg_operator,pg_operator_oid_index,6005,6005,6005,36,13370
1650892563.172662,pg_catalog,pg_opfamily,pg_opfamily_oid_index,0,0,0,0,0
1650892563.172662,pg_catalog,pg_opclass,pg_opclass_oid_index,11253,11253,11253,66,16184
1650892563.172662,pg_catalog,pg_am,pg_am_oid_index,0,0,0,0,0
1650892563.172662,pg_catalog,pg_amop,pg_amop_oid_index,0,0,0,0,0
1650892563.172662,pg_catalog,pg_amproc,pg_amproc_oid_index,0,0,0,0,0
1650892563.172662,pg_catalog,pg_language,pg_language_oid_index,1,1,1,2,0
1650892563.172662,pg_catalog,pg_largeobject_metadata,pg_largeobject_metadata_oid_index,0,0,0,0,0
1650892563.172662,pg_catalog,pg_largeobject,pg_largeobject_loid_pn_index,0,0,0,0,0
1650892563.172662,pg_catalog,pg_aggregate,pg_aggregate_fnoid_index,573,573,573,14,928
1650892563.172662,pg_catalog,pg_statistic,pg_statistic_relid_att_inh_index,42328,42234,41918,44,87600
1650892563.172662,pg_catalog,pg_statistic_ext,pg_statistic_ext_oid_index,0,0,0,0,0
1650892563.172662,pg_catalog,pg_statistic_ext_data,pg_statistic_ext_data_stxoid_index,0,0,0,0,0
1650892563.172662,pg_catalog,pg_rewrite,pg_rewrite_oid_index,0,0,0,0,0
1650892563.172662,pg_catalog,pg_trigger,pg_trigger_oid_index,0,0,0,0,0
1650892563.172662,pg_catalog,pg_event_trigger,pg_event_trigger_oid_index,0,0,0,0,0
1650892563.172662,pg_catalog,pg_description,pg_description_o_c_o_index,304,0,0,6,608
1650892563.172662,pg_catalog,pg_cast,pg_cast_oid_index,0,0,0,0,0
1650892563.172662,pg_catalog,pg_enum,pg_enum_oid_index,0,0,0,0,0
1650892563.172662,pg_catalog,pg_namespace,pg_namespace_nspname_index,3642,2154,2154,18,5128
1650892563.172662,public,district,pk_district,5069283,29118657,0,13,5088449
1650892563.172662,pg_catalog,pg_conversion,pg_conversion_default_index,0,0,0,0,0
1650892563.172662,pg_catalog,pg_conversion,pg_conversion_name_nsp_index,0,0,0,0,0
1650892563.172662,pg_catalog,pg_depend,pg_depend_depender_index,606,602,602,16,2000
1650892563.172662,pg_catalog,pg_depend,pg_depend_reference_index,2785,2490,2489,33,6335
1650892563.172662,pg_catalog,pg_database,pg_database_datname_index,12688,12687,12687,68,22384
1650892563.172662,pg_catalog,pg_tablespace,pg_tablespace_spcname_index,0,0,0,6,48
1650892563.172662,pg_catalog,pg_authid,pg_authid_rolname_index,2938,2937,2937,60,5816
1650892563.172662,pg_catalog,pg_auth_members,pg_auth_members_member_role_index,0,0,0,0,0
1650892563.172662,pg_catalog,pg_shdepend,pg_shdepend_depender_index,304,0,0,4,304
1650892563.172662,pg_catalog,pg_shdepend,pg_shdepend_reference_index,101,101,101,6,109
1650892563.172662,pg_catalog,pg_ts_config,pg_ts_config_cfgname_index,28,28,28,2,40
1650892563.172662,pg_catalog,pg_ts_dict,pg_ts_dict_dictname_index,0,0,0,0,0
1650892563.172662,pg_catalog,pg_ts_parser,pg_ts_parser_prsname_index,0,0,0,0,0
1650892563.172662,pg_catalog,pg_ts_template,pg_ts_template_tmplname_index,0,0,0,0,0
1650892563.172662,pg_catalog,pg_extension,pg_extension_name_index,1,0,0,2,1
1650892563.172662,pg_catalog,pg_foreign_data_wrapper,pg_foreign_data_wrapper_name_index,0,0,0,0,0
1650892563.172662,pg_catalog,pg_foreign_server,pg_foreign_server_name_index,0,0,0,0,0
1650892563.172662,pg_catalog,pg_user_mapping,pg_user_mapping_user_server_index,0,0,0,0,0
1650892563.172662,pg_catalog,pg_policy,pg_policy_polrelid_polname_index,0,0,0,0,0
1650892563.172662,pg_catalog,pg_replication_origin,pg_replication_origin_roname_index,0,0,0,0,0
1650892563.172662,pg_catalog,pg_default_acl,pg_default_acl_role_nsp_obj_index,22,0,0,1,43
1650892563.172662,pg_catalog,pg_conversion,pg_conversion_oid_index,0,0,0,0,0
1650892563.172662,pg_catalog,pg_database,pg_database_oid_index,27040,27039,27039,68,36774
1650892563.172662,pg_catalog,pg_db_role_setting,pg_db_role_setting_databaseid_rol_index,39200,0,0,34,78420
1650892563.172662,pg_catalog,pg_tablespace,pg_tablespace_oid_index,1658,1658,1658,62,3252
1650892563.172662,pg_catalog,pg_auth_members,pg_auth_members_role_member_index,0,0,0,0,0
1650892563.172662,pg_catalog,pg_shdescription,pg_shdescription_o_c_index,0,0,0,0,0
1650892563.172662,pg_catalog,pg_ts_config,pg_ts_config_oid_index,28,28,28,2,40
1650892563.172662,pg_catalog,pg_ts_config_map,pg_ts_config_map_index,0,0,0,0,0
1650892563.172662,pg_catalog,pg_ts_dict,pg_ts_dict_oid_index,0,0,0,0,0
1650892563.172662,pg_catalog,pg_ts_parser,pg_ts_parser_oid_index,0,0,0,0,0
1650892563.172662,pg_catalog,pg_ts_template,pg_ts_template_oid_index,0,0,0,0,0
1650892563.172662,pg_catalog,pg_extension,pg_extension_oid_index,1,0,0,2,1
1650892563.172662,pg_catalog,pg_foreign_data_wrapper,pg_foreign_data_wrapper_oid_index,0,0,0,0,0
1650892563.172662,pg_catalog,pg_foreign_server,pg_foreign_server_oid_index,0,0,0,0,0
1650892563.172662,pg_catalog,pg_user_mapping,pg_user_mapping_oid_index,0,0,0,0,0
1650892563.172662,pg_catalog,pg_foreign_table,pg_foreign_table_relid_index,0,0,0,0,0
1650892563.172662,pg_catalog,pg_policy,pg_policy_oid_index,0,0,0,0,0
1650892563.172662,pg_catalog,pg_replication_origin,pg_replication_origin_roiident_index,0,0,0,0,0
1650892563.172662,pg_catalog,pg_default_acl,pg_default_acl_oid_index,0,0,0,0,0
1650892563.172662,pg_catalog,pg_init_privs,pg_init_privs_o_c_o_index,303,0,0,4,302
1650892563.172662,pg_catalog,pg_seclabel,pg_seclabel_object_index,303,0,0,2,604
1650892563.172662,pg_catalog,pg_collation,pg_collation_name_enc_nsp_index,0,0,0,0,0
1650892563.172662,pg_catalog,pg_range,pg_range_rngmultitypid_index,34,0,0,10,58
1650892563.172662,pg_catalog,pg_transform,pg_transform_type_lang_index,8,0,0,1,15
1650892563.172662,pg_catalog,pg_publication,pg_publication_pubname_index,0,0,0,0,0
1650892563.172662,pg_catalog,pg_publication_rel,pg_publication_rel_prrelid_prpubid_index,0,0,0,0,0
1650892563.172662,pg_catalog,pg_subscription,pg_subscription_subname_index,0,0,0,0,0
1650892563.172662,pg_catalog,pg_proc,pg_proc_oid_index,18457,18452,18452,72,38291
1650892563.172662,pg_catalog,pg_class,pg_class_oid_index,121792,122454,92480,108,249669
1650892563.172662,pg_catalog,pg_constraint,pg_constraint_oid_index,8,0,0,2,22
1650892563.172662,pg_catalog,pg_index,pg_index_indexrelid_index,40165,40196,40165,66,45146
1650892563.172662,pg_catalog,pg_namespace,pg_namespace_oid_index,22204,22204,22202,18,22680
1650892563.172662,pg_catalog,pg_authid,pg_authid_oid_index,3090,3089,3089,62,6118
1650892563.172662,pg_catalog,pg_shseclabel,pg_shseclabel_object_index,0,0,0,0,0
1650892563.172662,pg_catalog,pg_collation,pg_collation_oid_index,0,0,0,0,0
1650892563.172662,pg_catalog,pg_partitioned_table,pg_partitioned_table_partrelid_index,0,0,0,0,0
1650892563.172662,pg_catalog,pg_range,pg_range_rngtypid_index,34,0,0,10,58
1650892563.172662,pg_catalog,pg_transform,pg_transform_oid_index,0,0,0,0,0
1650892563.172662,pg_catalog,pg_sequence,pg_sequence_seqrelid_index,0,0,0,0,0
1650892563.172662,pg_catalog,pg_publication,pg_publication_oid_index,0,0,0,0,0
1650892563.172662,pg_catalog,pg_publication_rel,pg_publication_rel_oid_index,0,0,0,0,0
1650892563.172662,pg_catalog,pg_subscription,pg_subscription_oid_index,0,0,0,0,0
1650892563.172662,pg_catalog,pg_subscription_rel,pg_subscription_rel_srrelid_srsubid_index,0,0,0,0,0
1650892563.172662,pg_toast,pg_toast_14514,pg_toast_14514_index,0,0,0,0,0
1650892563.172662,pg_toast,pg_toast_14519,pg_toast_14519_index,0,0,0,0,0
1650892563.172662,pg_toast,pg_toast_14524,pg_toast_14524_index,0,0,0,0,0
1650892563.172662,pg_toast,pg_toast_14529,pg_toast_14529_index,0,0,0,0,0
1650892563.172662,public,customer,pk_customer,9763731,10056173,9763731,720,20110526
1650892563.172662,public,order_line,pk_order_line,4907798,65982357,53852634,495618,138423396
1650892563.172662,public,item,pk_item,26372208,26347116,26347116,1689,52742956
1650892563.172662,public,stock,pk_stock,57299497,78252496,52900645,4649,269167787
1650892563.172662,public,orders,i_orders,201470,16403637,16080830,7695,9320914
1650892563.172662,public,customer,i_customer,1573274,19473107,17990131,1481,5493702
1650892623.177433,pg_toast,pg_toast_1255,pg_toast_1255_index,2,3,3,2,1
1650892623.177433,pg_toast,pg_toast_1247,pg_toast_1247_index,0,0,0,0,0
1650892623.177433,pg_toast,pg_toast_2604,pg_toast_2604_index,0,0,0,0,0
1650892623.177433,pg_toast,pg_toast_2606,pg_toast_2606_index,0,0,0,0,0
1650892623.177433,pg_toast,pg_toast_2612,pg_toast_2612_index,0,0,0,0,0
1650892623.177433,pg_toast,pg_toast_2600,pg_toast_2600_index,0,0,0,0,0
1650892623.177433,pg_toast,pg_toast_2619,pg_toast_2619_index,10464,42150,42150,16,17493
1650892623.177433,pg_toast,pg_toast_3381,pg_toast_3381_index,0,0,0,0,0
1650892623.177433,pg_toast,pg_toast_3429,pg_toast_3429_index,0,0,0,0,0
1650892623.177433,pg_toast,pg_toast_2618,pg_toast_2618_index,908,3163,3163,14,1462
1650892623.177433,pg_toast,pg_toast_2620,pg_toast_2620_index,0,0,0,0,0
1650892623.177433,pg_toast,pg_toast_3466,pg_toast_3466_index,0,0,0,0,0
1650892623.177433,pg_toast,pg_toast_2609,pg_toast_2609_index,0,0,0,0,0
1650892623.177433,pg_toast,pg_toast_2615,pg_toast_2615_index,0,0,0,0,0
1650892623.177433,pg_toast,pg_toast_1262,pg_toast_1262_index,0,0,0,0,0
1650892623.177433,pg_toast,pg_toast_2964,pg_toast_2964_index,0,0,0,0,0
1650892623.177433,pg_toast,pg_toast_1213,pg_toast_1213_index,0,0,0,0,0
1650892623.177433,pg_toast,pg_toast_1260,pg_toast_1260_index,0,0,0,0,0
1650892623.177433,pg_toast,pg_toast_2396,pg_toast_2396_index,0,0,0,0,0
1650892623.177433,pg_toast,pg_toast_3600,pg_toast_3600_index,0,0,0,0,0
1650892623.177433,pg_toast,pg_toast_3079,pg_toast_3079_index,0,0,0,0,0
1650892623.177433,pg_toast,pg_toast_2328,pg_toast_2328_index,0,0,0,0,0
1650892623.177433,pg_toast,pg_toast_1417,pg_toast_1417_index,0,0,0,0,0
1650892623.177433,pg_toast,pg_toast_1418,pg_toast_1418_index,0,0,0,0,0
1650892623.177433,pg_toast,pg_toast_3118,pg_toast_3118_index,0,0,0,0,0
1650892623.177433,pg_toast,pg_toast_3256,pg_toast_3256_index,0,0,0,0,0
1650892623.177433,pg_toast,pg_toast_6000,pg_toast_6000_index,0,0,0,0,0
1650892623.177433,pg_toast,pg_toast_826,pg_toast_826_index,0,0,0,0,0
1650892623.177433,pg_toast,pg_toast_3394,pg_toast_3394_index,0,0,0,0,0
1650892623.177433,pg_toast,pg_toast_3596,pg_toast_3596_index,0,0,0,0,0
1650892623.177433,pg_toast,pg_toast_3592,pg_toast_3592_index,0,0,0,0,0
1650892623.177433,pg_toast,pg_toast_3456,pg_toast_3456_index,0,0,0,0,0
1650892623.177433,pg_toast,pg_toast_3350,pg_toast_3350_index,0,0,0,0,0
1650892623.177433,pg_toast,pg_toast_6100,pg_toast_6100_index,0,0,0,0,0
1650892623.177433,pg_toast,pg_toast_16401,pg_toast_16401_index,0,0,0,0,0
1650892623.177433,pg_catalog,pg_proc,pg_proc_proname_args_nsp_index,3060,9651,9651,68,6959
1650892623.177433,pg_catalog,pg_type,pg_type_typname_nsp_index,257,44,44,13,865
1650892623.177433,pg_catalog,pg_attribute,pg_attribute_relid_attnam_index,48,60,48,25,3680
1650892623.177433,public,new_order,pk_new_order,4532820,15955053,4171027,11638,45681800
1650892623.177433,pg_catalog,pg_class,pg_class_relname_nsp_index,10157,7414,7414,47,22807
1650892623.177433,pg_catalog,pg_class,pg_class_tblspc_relfilenode_index,0,0,0,15,1486
1650892623.177433,pg_catalog,pg_attrdef,pg_attrdef_adrelid_adnum_index,0,0,0,0,0
1650892623.177433,pg_catalog,pg_type,pg_type_oid_index,29182,29012,29012,36,60357
1650892623.177433,pg_catalog,pg_attribute,pg_attribute_relid_attnum_index,97946,242214,242146,254,204295
1650892623.177433,pg_catalog,pg_attrdef,pg_attrdef_oid_index,0,0,0,0,0
1650892623.177433,pg_catalog,pg_constraint,pg_constraint_conname_nsp_index,0,0,0,2,14
1650892623.177433,pg_catalog,pg_constraint,pg_constraint_conrelid_contypid_conname_index,264,256,256,14,394
1650892623.177433,pg_catalog,pg_constraint,pg_constraint_contypid_index,0,0,0,2,14
1650892623.177433,public,warehouse,pk_warehouse,4867635,9967850,4867635,13,4967949
1650892623.177433,pg_catalog,pg_constraint,pg_constraint_conparentid_index,0,0,0,2,14
1650892623.177433,pg_catalog,pg_inherits,pg_inherits_parent_index,0,0,0,0,0
1650892623.177433,pg_catalog,pg_index,pg_index_indrelid_index,12081,15934,15903,18,13677
1650892623.177433,public,orders,pk_orders,2288894,8626190,8544012,47646,15958603
1650892623.177433,pg_catalog,pg_operator,pg_operator_oprname_l_r_n_index,5717,59163,59163,39,13017
1650892623.177433,pg_catalog,pg_opfamily,pg_opfamily_am_name_nsp_index,0,0,0,0,0
1650892623.177433,pg_catalog,pg_opclass,pg_opclass_am_name_nsp_index,3728,160201,160201,18,4713
1650892623.177433,pg_catalog,pg_am,pg_am_name_index,0,0,0,0,0
1650892623.177433,pg_catalog,pg_amop,pg_amop_fam_strat_index,9462,9462,9462,29,20296
1650892623.177433,pg_catalog,pg_amop,pg_amop_opr_fam_index,6134,20794,20794,45,13624
1650892623.177433,pg_catalog,pg_amproc,pg_amproc_fam_proc_index,10785,27051,27051,100,26472
1650892623.177433,pg_catalog,pg_language,pg_language_name_index,1,1,1,2,0
1650892623.177433,pg_catalog,pg_statistic_ext,pg_statistic_ext_name_index,0,0,0,0,0
1650892623.177433,pg_catalog,pg_statistic_ext,pg_statistic_ext_relid_index,8702,0,0,9,17395
1650892623.177433,pg_catalog,pg_rewrite,pg_rewrite_rel_rulename_index,951,951,951,12,1634
1650892623.177433,pg_catalog,pg_trigger,pg_trigger_tgconstraint_index,0,0,0,0,0
1650892623.177433,pg_catalog,pg_trigger,pg_trigger_tgrelid_tgname_index,0,0,0,0,0
1650892623.177433,pg_catalog,pg_event_trigger,pg_event_trigger_evtname_index,23,0,0,2,21
1650892623.177433,pg_catalog,pg_cast,pg_cast_source_target_index,73494,15077,15077,18,74778
1650892623.177433,pg_catalog,pg_enum,pg_enum_typid_label_index,0,0,0,0,0
1650892623.177433,pg_catalog,pg_enum,pg_enum_typid_sortorder_index,0,0,0,0,0
1650892623.177433,pg_catalog,pg_inherits,pg_inherits_relid_seqno_index,153,0,0,2,304
1650892623.177433,pg_catalog,pg_operator,pg_operator_oid_index,6101,6101,6101,36,13567
1650892623.177433,pg_catalog,pg_opfamily,pg_opfamily_oid_index,0,0,0,0,0
1650892623.177433,pg_catalog,pg_opclass,pg_opclass_oid_index,11316,11316,11316,66,16252
1650892623.177433,pg_catalog,pg_am,pg_am_oid_index,0,0,0,0,0
1650892623.177433,pg_catalog,pg_amop,pg_amop_oid_index,0,0,0,0,0
1650892623.177433,pg_catalog,pg_amproc,pg_amproc_oid_index,0,0,0,0,0
1650892623.177433,pg_catalog,pg_language,pg_language_oid_index,1,1,1,2,0
1650892623.177433,pg_catalog,pg_largeobject_metadata,pg_largeobject_metadata_oid_index,0,0,0,0,0
1650892623.177433,pg_catalog,pg_largeobject,pg_largeobject_loid_pn_index,0,0,0,0,0
1650892623.177433,pg_catalog,pg_aggregate,pg_aggregate_fnoid_index,594,594,594,14,960
1650892623.177433,pg_catalog,pg_statistic,pg_statistic_relid_att_inh_index,43034,42940,42624,44,89018
1650892623.177433,pg_catalog,pg_statistic_ext,pg_statistic_ext_oid_index,0,0,0,0,0
1650892623.177433,pg_catalog,pg_statistic_ext_data,pg_statistic_ext_data_stxoid_index,0,0,0,0,0
1650892623.177433,pg_catalog,pg_rewrite,pg_rewrite_oid_index,0,0,0,0,0
1650892623.177433,pg_catalog,pg_trigger,pg_trigger_oid_index,0,0,0,0,0
1650892623.177433,pg_catalog,pg_event_trigger,pg_event_trigger_oid_index,0,0,0,0,0
1650892623.177433,pg_catalog,pg_description,pg_description_o_c_o_index,304,0,0,6,608
1650892623.177433,pg_catalog,pg_cast,pg_cast_oid_index,0,0,0,0,0
1650892623.177433,pg_catalog,pg_enum,pg_enum_oid_index,0,0,0,0,0
1650892623.177433,pg_catalog,pg_namespace,pg_namespace_nspname_index,3657,2164,2164,18,5148
1650892623.177433,public,district,pk_district,5152909,29417271,0,13,5172269
1650892623.177433,pg_catalog,pg_conversion,pg_conversion_default_index,0,0,0,0,0
1650892623.177433,pg_catalog,pg_conversion,pg_conversion_name_nsp_index,0,0,0,0,0
1650892623.177433,pg_catalog,pg_depend,pg_depend_depender_index,606,602,602,16,2000
1650892623.177433,pg_catalog,pg_depend,pg_depend_reference_index,2785,2490,2489,33,6335
1650892623.177433,pg_catalog,pg_database,pg_database_datname_index,12698,12697,12697,68,22400
1650892623.177433,pg_catalog,pg_tablespace,pg_tablespace_spcname_index,0,0,0,6,48
1650892623.177433,pg_catalog,pg_authid,pg_authid_rolname_index,2942,2941,2941,60,5824
1650892623.177433,pg_catalog,pg_auth_members,pg_auth_members_member_role_index,0,0,0,0,0
1650892623.177433,pg_catalog,pg_shdepend,pg_shdepend_depender_index,304,0,0,4,304
1650892623.177433,pg_catalog,pg_shdepend,pg_shdepend_reference_index,101,101,101,6,109
1650892623.177433,pg_catalog,pg_ts_config,pg_ts_config_cfgname_index,28,28,28,2,40
1650892623.177433,pg_catalog,pg_ts_dict,pg_ts_dict_dictname_index,0,0,0,0,0
1650892623.177433,pg_catalog,pg_ts_parser,pg_ts_parser_prsname_index,0,0,0,0,0
1650892623.177433,pg_catalog,pg_ts_template,pg_ts_template_tmplname_index,0,0,0,0,0
1650892623.177433,pg_catalog,pg_extension,pg_extension_name_index,1,0,0,2,1
1650892623.177433,pg_catalog,pg_foreign_data_wrapper,pg_foreign_data_wrapper_name_index,0,0,0,0,0
1650892623.177433,pg_catalog,pg_foreign_server,pg_foreign_server_name_index,0,0,0,0,0
1650892623.177433,pg_catalog,pg_user_mapping,pg_user_mapping_user_server_index,0,0,0,0,0
1650892623.177433,pg_catalog,pg_policy,pg_policy_polrelid_polname_index,0,0,0,0,0
1650892623.177433,pg_catalog,pg_replication_origin,pg_replication_origin_roname_index,0,0,0,0,0
1650892623.177433,pg_catalog,pg_default_acl,pg_default_acl_role_nsp_obj_index,22,0,0,1,43
1650892623.177433,pg_catalog,pg_conversion,pg_conversion_oid_index,0,0,0,0,0
1650892623.177433,pg_catalog,pg_database,pg_database_oid_index,27051,27050,27050,68,36791
1650892623.177433,pg_catalog,pg_db_role_setting,pg_db_role_setting_databaseid_rol_index,39224,0,0,34,78468
1650892623.177433,pg_catalog,pg_tablespace,pg_tablespace_oid_index,1664,1664,1664,62,3264
1650892623.177433,pg_catalog,pg_auth_members,pg_auth_members_role_member_index,0,0,0,0,0
1650892623.177433,pg_catalog,pg_shdescription,pg_shdescription_o_c_index,0,0,0,0,0
1650892623.177433,pg_catalog,pg_ts_config,pg_ts_config_oid_index,28,28,28,2,40
1650892623.177433,pg_catalog,pg_ts_config_map,pg_ts_config_map_index,0,0,0,0,0
1650892623.177433,pg_catalog,pg_ts_dict,pg_ts_dict_oid_index,0,0,0,0,0
1650892623.177433,pg_catalog,pg_ts_parser,pg_ts_parser_oid_index,0,0,0,0,0
1650892623.177433,pg_catalog,pg_ts_template,pg_ts_template_oid_index,0,0,0,0,0
1650892623.177433,pg_catalog,pg_extension,pg_extension_oid_index,1,0,0,2,1
1650892623.177433,pg_catalog,pg_foreign_data_wrapper,pg_foreign_data_wrapper_oid_index,0,0,0,0,0
1650892623.177433,pg_catalog,pg_foreign_server,pg_foreign_server_oid_index,0,0,0,0,0
1650892623.177433,pg_catalog,pg_user_mapping,pg_user_mapping_oid_index,0,0,0,0,0
1650892623.177433,pg_catalog,pg_foreign_table,pg_foreign_table_relid_index,0,0,0,0,0
1650892623.177433,pg_catalog,pg_policy,pg_policy_oid_index,0,0,0,0,0
1650892623.177433,pg_catalog,pg_replication_origin,pg_replication_origin_roiident_index,0,0,0,0,0
1650892623.177433,pg_catalog,pg_default_acl,pg_default_acl_oid_index,0,0,0,0,0
1650892623.177433,pg_catalog,pg_init_privs,pg_init_privs_o_c_o_index,303,0,0,4,302
1650892623.177433,pg_catalog,pg_seclabel,pg_seclabel_object_index,303,0,0,2,604
1650892623.177433,pg_catalog,pg_collation,pg_collation_name_enc_nsp_index,0,0,0,0,0
1650892623.177433,pg_catalog,pg_range,pg_range_rngmultitypid_index,34,0,0,10,58
1650892623.177433,pg_catalog,pg_transform,pg_transform_type_lang_index,8,0,0,1,15
1650892623.177433,pg_catalog,pg_publication,pg_publication_pubname_index,0,0,0,0,0
1650892623.177433,pg_catalog,pg_publication_rel,pg_publication_rel_prrelid_prpubid_index,0,0,0,0,0
1650892623.177433,pg_catalog,pg_subscription,pg_subscription_subname_index,0,0,0,0,0
1650892623.177433,pg_catalog,pg_proc,pg_proc_oid_index,18741,18736,18736,75,38861
1650892623.177433,pg_catalog,pg_class,pg_class_oid_index,122779,123440,93238,108,251648
1650892623.177433,pg_catalog,pg_constraint,pg_constraint_oid_index,8,0,0,2,22
1650892623.177433,pg_catalog,pg_index,pg_index_indexrelid_index,40426,40457,40426,66,45412
1650892623.177433,pg_catalog,pg_namespace,pg_namespace_oid_index,22377,22377,22375,18,22856
1650892623.177433,pg_catalog,pg_authid,pg_authid_oid_index,3095,3094,3094,62,6128
1650892623.177433,pg_catalog,pg_shseclabel,pg_shseclabel_object_index,0,0,0,0,0
1650892623.177433,pg_catalog,pg_collation,pg_collation_oid_index,0,0,0,0,0
1650892623.177433,pg_catalog,pg_partitioned_table,pg_partitioned_table_partrelid_index,0,0,0,0,0
1650892623.177433,pg_catalog,pg_range,pg_range_rngtypid_index,34,0,0,10,58
1650892623.177433,pg_catalog,pg_transform,pg_transform_oid_index,0,0,0,0,0
1650892623.177433,pg_catalog,pg_sequence,pg_sequence_seqrelid_index,0,0,0,0,0
1650892623.177433,pg_catalog,pg_publication,pg_publication_oid_index,0,0,0,0,0
1650892623.177433,pg_catalog,pg_publication_rel,pg_publication_rel_oid_index,0,0,0,0,0
1650892623.177433,pg_catalog,pg_subscription,pg_subscription_oid_index,0,0,0,0,0
1650892623.177433,pg_catalog,pg_subscription_rel,pg_subscription_rel_srrelid_srsubid_index,0,0,0,0,0
1650892623.177433,pg_toast,pg_toast_14514,pg_toast_14514_index,0,0,0,0,0
1650892623.177433,pg_toast,pg_toast_14519,pg_toast_14519_index,0,0,0,0,0
1650892623.177433,pg_toast,pg_toast_14524,pg_toast_14524_index,0,0,0,0,0
1650892623.177433,pg_toast,pg_toast_14529,pg_toast_14529_index,0,0,0,0,0
1650892623.177433,public,customer,pk_customer,9921979,10219713,9921979,829,20440414
1650892623.177433,public,order_line,pk_order_line,4986728,67045201,54713868,500544,140869227
1650892623.177433,public,item,pk_item,26803261,26777784,26777784,1931,53604827
1650892623.177433,public,stock,pk_stock,58230621,79528035,53764953,5579,273555035
1650892623.177433,public,orders,i_orders,204282,16714891,16391614,10865,9469545
1650892623.177433,public,customer,i_customer,1598576,19788414,18245535,1718,5587357
1650892683.176649,pg_toast,pg_toast_1255,pg_toast_1255_index,2,3,3,2,1
1650892683.176649,pg_toast,pg_toast_1247,pg_toast_1247_index,0,0,0,0,0
1650892683.176649,pg_toast,pg_toast_2604,pg_toast_2604_index,0,0,0,0,0
1650892683.176649,pg_toast,pg_toast_2606,pg_toast_2606_index,0,0,0,0,0
1650892683.176649,pg_toast,pg_toast_2612,pg_toast_2612_index,0,0,0,0,0
1650892683.176649,pg_toast,pg_toast_2600,pg_toast_2600_index,0,0,0,0,0
1650892683.176649,pg_toast,pg_toast_2619,pg_toast_2619_index,10585,42694,42694,16,17682
1650892683.176649,pg_toast,pg_toast_3381,pg_toast_3381_index,0,0,0,0,0
1650892683.176649,pg_toast,pg_toast_3429,pg_toast_3429_index,0,0,0,0,0
1650892683.176649,pg_toast,pg_toast_2618,pg_toast_2618_index,913,3181,3181,14,1470
1650892683.176649,pg_toast,pg_toast_2620,pg_toast_2620_index,0,0,0,0,0
1650892683.176649,pg_toast,pg_toast_3466,pg_toast_3466_index,0,0,0,0,0
1650892683.176649,pg_toast,pg_toast_2609,pg_toast_2609_index,0,0,0,0,0
1650892683.176649,pg_toast,pg_toast_2615,pg_toast_2615_index,0,0,0,0,0
1650892683.176649,pg_toast,pg_toast_1262,pg_toast_1262_index,0,0,0,0,0
1650892683.176649,pg_toast,pg_toast_2964,pg_toast_2964_index,0,0,0,0,0
1650892683.176649,pg_toast,pg_toast_1213,pg_toast_1213_index,0,0,0,0,0
1650892683.176649,pg_toast,pg_toast_1260,pg_toast_1260_index,0,0,0,0,0
1650892683.176649,pg_toast,pg_toast_2396,pg_toast_2396_index,0,0,0,0,0
1650892683.176649,pg_toast,pg_toast_3600,pg_toast_3600_index,0,0,0,0,0
1650892683.176649,pg_toast,pg_toast_3079,pg_toast_3079_index,0,0,0,0,0
1650892683.176649,pg_toast,pg_toast_2328,pg_toast_2328_index,0,0,0,0,0
1650892683.176649,pg_toast,pg_toast_1417,pg_toast_1417_index,0,0,0,0,0
1650892683.176649,pg_toast,pg_toast_1418,pg_toast_1418_index,0,0,0,0,0
1650892683.176649,pg_toast,pg_toast_3118,pg_toast_3118_index,0,0,0,0,0
1650892683.176649,pg_toast,pg_toast_3256,pg_toast_3256_index,0,0,0,0,0
1650892683.176649,pg_toast,pg_toast_6000,pg_toast_6000_index,0,0,0,0,0
1650892683.176649,pg_toast,pg_toast_826,pg_toast_826_index,0,0,0,0,0
1650892683.176649,pg_toast,pg_toast_3394,pg_toast_3394_index,0,0,0,0,0
1650892683.176649,pg_toast,pg_toast_3596,pg_toast_3596_index,0,0,0,0,0
1650892683.176649,pg_toast,pg_toast_3592,pg_toast_3592_index,0,0,0,0,0
1650892683.176649,pg_toast,pg_toast_3456,pg_toast_3456_index,0,0,0,0,0
1650892683.176649,pg_toast,pg_toast_3350,pg_toast_3350_index,0,0,0,0,0
1650892683.176649,pg_toast,pg_toast_6100,pg_toast_6100_index,0,0,0,0,0
1650892683.176649,pg_toast,pg_toast_16401,pg_toast_16401_index,0,0,0,0,0
1650892683.176649,pg_catalog,pg_proc,pg_proc_proname_args_nsp_index,3068,9679,9679,68,6979
1650892683.176649,pg_catalog,pg_type,pg_type_typname_nsp_index,257,44,44,13,865
1650892683.176649,pg_catalog,pg_attribute,pg_attribute_relid_attnam_index,48,60,48,25,3680
1650892683.176649,public,new_order,pk_new_order,4605980,16197257,4236528,14251,47051752
1650892683.176649,pg_catalog,pg_class,pg_class_relname_nsp_index,10250,7507,7507,47,22997
1650892683.176649,pg_catalog,pg_class,pg_class_tblspc_relfilenode_index,0,0,0,15,1489
1650892683.176649,pg_catalog,pg_attrdef,pg_attrdef_adrelid_adnum_index,0,0,0,0,0
1650892683.176649,pg_catalog,pg_type,pg_type_oid_index,29257,29087,29087,36,60512
1650892683.176649,pg_catalog,pg_attribute,pg_attribute_relid_attnum_index,98427,244164,244096,254,205264
1650892683.176649,pg_catalog,pg_attrdef,pg_attrdef_oid_index,0,0,0,0,0
1650892683.176649,pg_catalog,pg_constraint,pg_constraint_conname_nsp_index,0,0,0,2,14
1650892683.176649,pg_catalog,pg_constraint,pg_constraint_conrelid_contypid_conname_index,266,258,258,14,397
1650892683.176649,pg_catalog,pg_constraint,pg_constraint_contypid_index,0,0,0,2,14
1650892683.176649,public,warehouse,pk_warehouse,4947633,10128505,4947633,13,5050036
1650892683.176649,pg_catalog,pg_constraint,pg_constraint_conparentid_index,0,0,0,2,14
1650892683.176649,pg_catalog,pg_inherits,pg_inherits_parent_index,0,0,0,0,0
1650892683.176649,pg_catalog,pg_index,pg_index_indrelid_index,12208,16094,16063,18,13809
1650892683.176649,public,orders,pk_orders,2326118,8832930,8749237,47978,16214876
1650892683.176649,pg_catalog,pg_operator,pg_operator_oprname_l_r_n_index,5720,59166,59166,39,13026
1650892683.176649,pg_catalog,pg_opfamily,pg_opfamily_am_name_nsp_index,0,0,0,0,0
1650892683.176649,pg_catalog,pg_opclass,pg_opclass_am_name_nsp_index,3744,160893,160893,18,4733
1650892683.176649,pg_catalog,pg_am,pg_am_name_index,0,0,0,0,0
1650892683.176649,pg_catalog,pg_amop,pg_amop_fam_strat_index,9500,9500,9500,29,20376
1650892683.176649,pg_catalog,pg_amop,pg_amop_opr_fam_index,6155,20861,20861,45,13670
1650892683.176649,pg_catalog,pg_amproc,pg_amproc_fam_proc_index,10814,27111,27111,100,26537
1650892683.176649,pg_catalog,pg_language,pg_language_name_index,1,1,1,2,0
1650892683.176649,pg_catalog,pg_statistic_ext,pg_statistic_ext_name_index,0,0,0,0,0
1650892683.176649,pg_catalog,pg_statistic_ext,pg_statistic_ext_relid_index,8804,0,0,9,17599
1650892683.176649,pg_catalog,pg_rewrite,pg_rewrite_rel_rulename_index,957,957,957,12,1644
1650892683.176649,pg_catalog,pg_trigger,pg_trigger_tgconstraint_index,0,0,0,0,0
1650892683.176649,pg_catalog,pg_trigger,pg_trigger_tgrelid_tgname_index,0,0,0,0,0
1650892683.176649,pg_catalog,pg_event_trigger,pg_event_trigger_evtname_index,23,0,0,2,21
1650892683.176649,pg_catalog,pg_cast,pg_cast_source_target_index,73731,15121,15121,18,75020
1650892683.176649,pg_catalog,pg_enum,pg_enum_typid_label_index,0,0,0,0,0
1650892683.176649,pg_catalog,pg_enum,pg_enum_typid_sortorder_index,0,0,0,0,0
1650892683.176649,pg_catalog,pg_inherits,pg_inherits_relid_seqno_index,153,0,0,2,304
1650892683.176649,pg_catalog,pg_operator,pg_operator_oid_index,6117,6117,6117,36,13603
1650892683.176649,pg_catalog,pg_opfamily,pg_opfamily_oid_index,0,0,0,0,0
1650892683.176649,pg_catalog,pg_opclass,pg_opclass_oid_index,11346,11346,11346,66,16289
1650892683.176649,pg_catalog,pg_am,pg_am_oid_index,0,0,0,0,0
1650892683.176649,pg_catalog,pg_amop,pg_amop_oid_index,0,0,0,0,0
1650892683.176649,pg_catalog,pg_amproc,pg_amproc_oid_index,0,0,0,0,0
1650892683.176649,pg_catalog,pg_language,pg_language_oid_index,1,1,1,2,0
1650892683.176649,pg_catalog,pg_largeobject_metadata,pg_largeobject_metadata_oid_index,0,0,0,0,0
1650892683.176649,pg_catalog,pg_largeobject,pg_largeobject_loid_pn_index,0,0,0,0,0
1650892683.176649,pg_catalog,pg_aggregate,pg_aggregate_fnoid_index,595,595,595,14,962
1650892683.176649,pg_catalog,pg_statistic,pg_statistic_relid_att_inh_index,43457,43370,43047,44,89872
1650892683.176649,pg_catalog,pg_statistic_ext,pg_statistic_ext_oid_index,0,0,0,0,0
1650892683.176649,pg_catalog,pg_statistic_ext_data,pg_statistic_ext_data_stxoid_index,0,0,0,0,0
1650892683.176649,pg_catalog,pg_rewrite,pg_rewrite_oid_index,0,0,0,0,0
1650892683.176649,pg_catalog,pg_trigger,pg_trigger_oid_index,0,0,0,0,0
1650892683.176649,pg_catalog,pg_event_trigger,pg_event_trigger_oid_index,0,0,0,0,0
1650892683.176649,pg_catalog,pg_description,pg_description_o_c_o_index,304,0,0,6,608
1650892683.176649,pg_catalog,pg_cast,pg_cast_oid_index,0,0,0,0,0
1650892683.176649,pg_catalog,pg_enum,pg_enum_oid_index,0,0,0,0,0
1650892683.176649,pg_catalog,pg_namespace,pg_namespace_nspname_index,3669,2172,2172,18,5164
1650892683.176649,public,district,pk_district,5236565,29984373,0,13,5256111
1650892683.176649,pg_catalog,pg_conversion,pg_conversion_default_index,0,0,0,0,0
1650892683.176649,pg_catalog,pg_conversion,pg_conversion_name_nsp_index,0,0,0,0,0
1650892683.176649,pg_catalog,pg_depend,pg_depend_depender_index,606,602,602,16,2000
1650892683.176649,pg_catalog,pg_depend,pg_depend_reference_index,2785,2490,2489,33,6335
1650892683.176649,pg_catalog,pg_database,pg_database_datname_index,12712,12711,12711,68,22422
1650892683.176649,pg_catalog,pg_tablespace,pg_tablespace_spcname_index,0,0,0,6,48
1650892683.176649,pg_catalog,pg_authid,pg_authid_rolname_index,2948,2947,2947,60,5836
1650892683.176649,pg_catalog,pg_auth_members,pg_auth_members_member_role_index,0,0,0,0,0
1650892683.176649,pg_catalog,pg_shdepend,pg_shdepend_depender_index,304,0,0,4,304
1650892683.176649,pg_catalog,pg_shdepend,pg_shdepend_reference_index,101,101,101,6,109
1650892683.176649,pg_catalog,pg_ts_config,pg_ts_config_cfgname_index,28,28,28,2,40
1650892683.176649,pg_catalog,pg_ts_dict,pg_ts_dict_dictname_index,0,0,0,0,0
1650892683.176649,pg_catalog,pg_ts_parser,pg_ts_parser_prsname_index,0,0,0,0,0
1650892683.176649,pg_catalog,pg_ts_template,pg_ts_template_tmplname_index,0,0,0,0,0
1650892683.176649,pg_catalog,pg_extension,pg_extension_name_index,1,0,0,2,1
1650892683.176649,pg_catalog,pg_foreign_data_wrapper,pg_foreign_data_wrapper_name_index,0,0,0,0,0
1650892683.176649,pg_catalog,pg_foreign_server,pg_foreign_server_name_index,0,0,0,0,0
1650892683.176649,pg_catalog,pg_user_mapping,pg_user_mapping_user_server_index,0,0,0,0,0
1650892683.176649,pg_catalog,pg_policy,pg_policy_polrelid_polname_index,0,0,0,0,0
1650892683.176649,pg_catalog,pg_replication_origin,pg_replication_origin_roname_index,0,0,0,0,0
1650892683.176649,pg_catalog,pg_default_acl,pg_default_acl_role_nsp_obj_index,22,0,0,1,43
1650892683.176649,pg_catalog,pg_conversion,pg_conversion_oid_index,0,0,0,0,0
1650892683.176649,pg_catalog,pg_database,pg_database_oid_index,27064,27063,27063,68,36812
1650892683.176649,pg_catalog,pg_db_role_setting,pg_db_role_setting_databaseid_rol_index,39256,0,0,34,78532
1650892683.176649,pg_catalog,pg_tablespace,pg_tablespace_oid_index,1669,1669,1669,62,3274
1650892683.176649,pg_catalog,pg_auth_members,pg_auth_members_role_member_index,0,0,0,0,0
1650892683.176649,pg_catalog,pg_shdescription,pg_shdescription_o_c_index,0,0,0,0,0
1650892683.176649,pg_catalog,pg_ts_config,pg_ts_config_oid_index,28,28,28,2,40
1650892683.176649,pg_catalog,pg_ts_config_map,pg_ts_config_map_index,0,0,0,0,0
1650892683.176649,pg_catalog,pg_ts_dict,pg_ts_dict_oid_index,0,0,0,0,0
1650892683.176649,pg_catalog,pg_ts_parser,pg_ts_parser_oid_index,0,0,0,0,0
1650892683.176649,pg_catalog,pg_ts_template,pg_ts_template_oid_index,0,0,0,0,0
1650892683.176649,pg_catalog,pg_extension,pg_extension_oid_index,1,0,0,2,1
1650892683.176649,pg_catalog,pg_foreign_data_wrapper,pg_foreign_data_wrapper_oid_index,0,0,0,0,0
1650892683.176649,pg_catalog,pg_foreign_server,pg_foreign_server_oid_index,0,0,0,0,0
1650892683.176649,pg_catalog,pg_user_mapping,pg_user_mapping_oid_index,0,0,0,0,0
1650892683.176649,pg_catalog,pg_foreign_table,pg_foreign_table_relid_index,0,0,0,0,0
1650892683.176649,pg_catalog,pg_policy,pg_policy_oid_index,0,0,0,0,0
1650892683.176649,pg_catalog,pg_replication_origin,pg_replication_origin_roiident_index,0,0,0,0,0
1650892683.176649,pg_catalog,pg_default_acl,pg_default_acl_oid_index,0,0,0,0,0
1650892683.176649,pg_catalog,pg_init_privs,pg_init_privs_o_c_o_index,303,0,0,4,302
1650892683.176649,pg_catalog,pg_seclabel,pg_seclabel_object_index,303,0,0,2,604
1650892683.176649,pg_catalog,pg_collation,pg_collation_name_enc_nsp_index,0,0,0,0,0
1650892683.176649,pg_catalog,pg_range,pg_range_rngmultitypid_index,34,0,0,10,58
1650892683.176649,pg_catalog,pg_transform,pg_transform_type_lang_index,8,0,0,1,15
1650892683.176649,pg_catalog,pg_publication,pg_publication_pubname_index,0,0,0,0,0
1650892683.176649,pg_catalog,pg_publication_rel,pg_publication_rel_prrelid_prpubid_index,0,0,0,0,0
1650892683.176649,pg_catalog,pg_subscription,pg_subscription_subname_index,0,0,0,0,0
1650892683.176649,pg_catalog,pg_proc,pg_proc_oid_index,18816,18811,18811,75,39015
1650892683.176649,pg_catalog,pg_class,pg_class_oid_index,123712,124372,93942,108,253521
1650892683.176649,pg_catalog,pg_constraint,pg_constraint_oid_index,8,0,0,2,22
1650892683.176649,pg_catalog,pg_index,pg_index_indexrelid_index,40645,40676,40645,66,45638
1650892683.176649,pg_catalog,pg_namespace,pg_namespace_oid_index,22551,22551,22549,18,23033
1650892683.176649,pg_catalog,pg_authid,pg_authid_oid_index,3102,3101,3101,62,6142
1650892683.176649,pg_catalog,pg_shseclabel,pg_shseclabel_object_index,0,0,0,0,0
1650892683.176649,pg_catalog,pg_collation,pg_collation_oid_index,0,0,0,0,0
1650892683.176649,pg_catalog,pg_partitioned_table,pg_partitioned_table_partrelid_index,0,0,0,0,0
1650892683.176649,pg_catalog,pg_range,pg_range_rngtypid_index,34,0,0,10,58
1650892683.176649,pg_catalog,pg_transform,pg_transform_oid_index,0,0,0,0,0
1650892683.176649,pg_catalog,pg_sequence,pg_sequence_seqrelid_index,0,0,0,0,0
1650892683.176649,pg_catalog,pg_publication,pg_publication_oid_index,0,0,0,0,0
1650892683.176649,pg_catalog,pg_publication_rel,pg_publication_rel_oid_index,0,0,0,0,0
1650892683.176649,pg_catalog,pg_subscription,pg_subscription_oid_index,0,0,0,0,0
1650892683.176649,pg_catalog,pg_subscription_rel,pg_subscription_rel_srrelid_srsubid_index,0,0,0,0,0
1650892683.176649,pg_toast,pg_toast_14514,pg_toast_14514_index,0,0,0,0,0
1650892683.176649,pg_toast,pg_toast_14519,pg_toast_14519_index,0,0,0,0,0
1650892683.176649,pg_toast,pg_toast_14524,pg_toast_14524_index,0,0,0,0,0
1650892683.176649,pg_toast,pg_toast_14529,pg_toast_14529_index,0,0,0,0,0
1650892683.176649,public,customer,pk_customer,10081549,10384116,10081549,829,20771716
1650892683.176649,public,order_line,pk_order_line,5067268,68120239,55593312,504571,143317618
1650892683.176649,public,item,pk_item,27232153,27206277,27206277,1931,54462611
1650892683.176649,public,stock,pk_stock,59158704,80811582,54625197,5580,277936947
1650892683.176649,public,orders,i_orders,207360,17050253,16725689,10883,9619734
1650892683.176649,public,customer,i_customer,1624527,20111709,18535330,1718,5681021
1650892743.187823,pg_toast,pg_toast_1255,pg_toast_1255_index,2,3,3,2,1
1650892743.187823,pg_toast,pg_toast_1247,pg_toast_1247_index,0,0,0,0,0
1650892743.187823,pg_toast,pg_toast_2604,pg_toast_2604_index,0,0,0,0,0
1650892743.187823,pg_toast,pg_toast_2606,pg_toast_2606_index,0,0,0,0,0
1650892743.187823,pg_toast,pg_toast_2612,pg_toast_2612_index,0,0,0,0,0
1650892743.187823,pg_toast,pg_toast_2600,pg_toast_2600_index,0,0,0,0,0
1650892743.187823,pg_toast,pg_toast_2619,pg_toast_2619_index,10706,43248,43248,16,17880
1650892743.187823,pg_toast,pg_toast_3381,pg_toast_3381_index,0,0,0,0,0
1650892743.187823,pg_toast,pg_toast_3429,pg_toast_3429_index,0,0,0,0,0
1650892743.187823,pg_toast,pg_toast_2618,pg_toast_2618_index,919,3202,3202,14,1480
1650892743.187823,pg_toast,pg_toast_2620,pg_toast_2620_index,0,0,0,0,0
1650892743.187823,pg_toast,pg_toast_3466,pg_toast_3466_index,0,0,0,0,0
1650892743.187823,pg_toast,pg_toast_2609,pg_toast_2609_index,0,0,0,0,0
1650892743.187823,pg_toast,pg_toast_2615,pg_toast_2615_index,0,0,0,0,0
1650892743.187823,pg_toast,pg_toast_1262,pg_toast_1262_index,0,0,0,0,0
1650892743.187823,pg_toast,pg_toast_2964,pg_toast_2964_index,0,0,0,0,0
1650892743.187823,pg_toast,pg_toast_1213,pg_toast_1213_index,0,0,0,0,0
1650892743.187823,pg_toast,pg_toast_1260,pg_toast_1260_index,0,0,0,0,0
1650892743.187823,pg_toast,pg_toast_2396,pg_toast_2396_index,0,0,0,0,0
1650892743.187823,pg_toast,pg_toast_3600,pg_toast_3600_index,0,0,0,0,0
1650892743.187823,pg_toast,pg_toast_3079,pg_toast_3079_index,0,0,0,0,0
1650892743.187823,pg_toast,pg_toast_2328,pg_toast_2328_index,0,0,0,0,0
1650892743.187823,pg_toast,pg_toast_1417,pg_toast_1417_index,0,0,0,0,0
1650892743.187823,pg_toast,pg_toast_1418,pg_toast_1418_index,0,0,0,0,0
1650892743.187823,pg_toast,pg_toast_3118,pg_toast_3118_index,0,0,0,0,0
1650892743.187823,pg_toast,pg_toast_3256,pg_toast_3256_index,0,0,0,0,0
1650892743.187823,pg_toast,pg_toast_6000,pg_toast_6000_index,0,0,0,0,0
1650892743.187823,pg_toast,pg_toast_826,pg_toast_826_index,0,0,0,0,0
1650892743.187823,pg_toast,pg_toast_3394,pg_toast_3394_index,0,0,0,0,0
1650892743.187823,pg_toast,pg_toast_3596,pg_toast_3596_index,0,0,0,0,0
1650892743.187823,pg_toast,pg_toast_3592,pg_toast_3592_index,0,0,0,0,0
1650892743.187823,pg_toast,pg_toast_3456,pg_toast_3456_index,0,0,0,0,0
1650892743.187823,pg_toast,pg_toast_3350,pg_toast_3350_index,0,0,0,0,0
1650892743.187823,pg_toast,pg_toast_6100,pg_toast_6100_index,0,0,0,0,0
1650892743.187823,pg_toast,pg_toast_16401,pg_toast_16401_index,0,0,0,0,0
1650892743.187823,pg_catalog,pg_proc,pg_proc_proname_args_nsp_index,3080,9721,9721,68,7009
1650892743.187823,pg_catalog,pg_type,pg_type_typname_nsp_index,257,44,44,13,865
1650892743.187823,pg_catalog,pg_attribute,pg_attribute_relid_attnam_index,48,60,48,25,3680
1650892743.187823,public,new_order,pk_new_order,4687800,16474475,4309804,14374,47878636
1650892743.187823,pg_catalog,pg_class,pg_class_relname_nsp_index,10322,7579,7579,47,23147
1650892743.187823,pg_catalog,pg_class,pg_class_tblspc_relfilenode_index,0,0,0,15,1493
1650892743.187823,pg_catalog,pg_attrdef,pg_attrdef_adrelid_adnum_index,0,0,0,0,0
1650892743.187823,pg_catalog,pg_type,pg_type_oid_index,29361,29191,29191,36,60727
1650892743.187823,pg_catalog,pg_attribute,pg_attribute_relid_attnum_index,98900,246027,245959,254,206214
1650892743.187823,pg_catalog,pg_attrdef,pg_attrdef_oid_index,0,0,0,0,0
1650892743.187823,pg_catalog,pg_constraint,pg_constraint_conname_nsp_index,0,0,0,2,14
1650892743.187823,pg_catalog,pg_constraint,pg_constraint_conrelid_contypid_conname_index,268,260,260,14,400
1650892743.187823,pg_catalog,pg_constraint,pg_constraint_contypid_index,0,0,0,2,14
1650892743.187823,public,warehouse,pk_warehouse,5036058,10303068,5036058,13,5140851
1650892743.187823,pg_catalog,pg_constraint,pg_constraint_conparentid_index,0,0,0,2,14
1650892743.187823,pg_catalog,pg_inherits,pg_inherits_parent_index,0,0,0,0,0
1650892743.187823,pg_catalog,pg_index,pg_index_indrelid_index,12320,16243,16212,18,13928
1650892743.187823,public,orders,pk_orders,2367760,9083163,8997834,48369,16500811
1650892743.187823,pg_catalog,pg_operator,pg_operator_oprname_l_r_n_index,5724,59170,59170,39,13038
1650892743.187823,pg_catalog,pg_opfamily,pg_opfamily_am_name_nsp_index,0,0,0,0,0
1650892743.187823,pg_catalog,pg_opclass,pg_opclass_am_name_nsp_index,3766,161840,161840,18,4761
1650892743.187823,pg_catalog,pg_am,pg_am_name_index,0,0,0,0,0
1650892743.187823,pg_catalog,pg_amop,pg_amop_fam_strat_index,9551,9551,9551,29,20484
1650892743.187823,pg_catalog,pg_amop,pg_amop_opr_fam_index,6182,20951,20951,45,13730
1650892743.187823,pg_catalog,pg_amproc,pg_amproc_fam_proc_index,10846,27171,27171,100,26605
1650892743.187823,pg_catalog,pg_language,pg_language_name_index,1,1,1,2,0
1650892743.187823,pg_catalog,pg_statistic_ext,pg_statistic_ext_name_index,0,0,0,0,0
1650892743.187823,pg_catalog,pg_statistic_ext,pg_statistic_ext_relid_index,8885,0,0,9,17761
1650892743.187823,pg_catalog,pg_rewrite,pg_rewrite_rel_rulename_index,965,965,965,12,1658
1650892743.187823,pg_catalog,pg_trigger,pg_trigger_tgconstraint_index,0,0,0,0,0
1650892743.187823,pg_catalog,pg_trigger,pg_trigger_tgrelid_tgname_index,0,0,0,0,0
1650892743.187823,pg_catalog,pg_event_trigger,pg_event_trigger_evtname_index,23,0,0,2,21
1650892743.187823,pg_catalog,pg_cast,pg_cast_source_target_index,74048,15178,15178,18,75344
1650892743.187823,pg_catalog,pg_enum,pg_enum_typid_label_index,0,0,0,0,0
1650892743.187823,pg_catalog,pg_enum,pg_enum_typid_sortorder_index,0,0,0,0,0
1650892743.187823,pg_catalog,pg_inherits,pg_inherits_relid_seqno_index,153,0,0,2,304
1650892743.187823,pg_catalog,pg_operator,pg_operator_oid_index,6135,6135,6135,36,13645
1650892743.187823,pg_catalog,pg_opfamily,pg_opfamily_oid_index,0,0,0,0,0
1650892743.187823,pg_catalog,pg_opclass,pg_opclass_oid_index,11380,11380,11380,66,16327
1650892743.187823,pg_catalog,pg_am,pg_am_oid_index,0,0,0,0,0
1650892743.187823,pg_catalog,pg_amop,pg_amop_oid_index,0,0,0,0,0
1650892743.187823,pg_catalog,pg_amproc,pg_amproc_oid_index,0,0,0,0,0
1650892743.187823,pg_catalog,pg_language,pg_language_oid_index,1,1,1,2,0
1650892743.187823,pg_catalog,pg_largeobject_metadata,pg_largeobject_metadata_oid_index,0,0,0,0,0
1650892743.187823,pg_catalog,pg_largeobject,pg_largeobject_loid_pn_index,0,0,0,0,0
1650892743.187823,pg_catalog,pg_aggregate,pg_aggregate_fnoid_index,596,596,596,14,964
1650892743.187823,pg_catalog,pg_statistic,pg_statistic_relid_att_inh_index,43850,43769,43440,44,90668
1650892743.187823,pg_catalog,pg_statistic_ext,pg_statistic_ext_oid_index,0,0,0,0,0
1650892743.187823,pg_catalog,pg_statistic_ext_data,pg_statistic_ext_data_stxoid_index,0,0,0,0,0
1650892743.187823,pg_catalog,pg_rewrite,pg_rewrite_oid_index,0,0,0,0,0
1650892743.187823,pg_catalog,pg_trigger,pg_trigger_oid_index,0,0,0,0,0
1650892743.187823,pg_catalog,pg_event_trigger,pg_event_trigger_oid_index,0,0,0,0,0
1650892743.187823,pg_catalog,pg_description,pg_description_o_c_o_index,304,0,0,6,608
1650892743.187823,pg_catalog,pg_cast,pg_cast_oid_index,0,0,0,0,0
1650892743.187823,pg_catalog,pg_enum,pg_enum_oid_index,0,0,0,0,0
1650892743.187823,pg_catalog,pg_namespace,pg_namespace_nspname_index,3687,2184,2184,18,5188
1650892743.187823,public,district,pk_district,5329026,30545760,0,13,5348791
1650892743.187823,pg_catalog,pg_conversion,pg_conversion_default_index,0,0,0,0,0
1650892743.187823,pg_catalog,pg_conversion,pg_conversion_name_nsp_index,0,0,0,0,0
1650892743.187823,pg_catalog,pg_depend,pg_depend_depender_index,606,602,602,16,2000
1650892743.187823,pg_catalog,pg_depend,pg_depend_reference_index,2785,2490,2489,33,6335
1650892743.187823,pg_catalog,pg_database,pg_database_datname_index,12720,12719,12719,68,22435
1650892743.187823,pg_catalog,pg_tablespace,pg_tablespace_spcname_index,0,0,0,6,48
1650892743.187823,pg_catalog,pg_authid,pg_authid_rolname_index,2951,2950,2950,60,5842
1650892743.187823,pg_catalog,pg_auth_members,pg_auth_members_member_role_index,0,0,0,0,0
1650892743.187823,pg_catalog,pg_shdepend,pg_shdepend_depender_index,304,0,0,4,304
1650892743.187823,pg_catalog,pg_shdepend,pg_shdepend_reference_index,101,101,101,6,109
1650892743.187823,pg_catalog,pg_ts_config,pg_ts_config_cfgname_index,28,28,28,2,40
1650892743.187823,pg_catalog,pg_ts_dict,pg_ts_dict_dictname_index,0,0,0,0,0
1650892743.187823,pg_catalog,pg_ts_parser,pg_ts_parser_prsname_index,0,0,0,0,0
1650892743.187823,pg_catalog,pg_ts_template,pg_ts_template_tmplname_index,0,0,0,0,0
1650892743.187823,pg_catalog,pg_extension,pg_extension_name_index,1,0,0,2,1
1650892743.187823,pg_catalog,pg_foreign_data_wrapper,pg_foreign_data_wrapper_name_index,0,0,0,0,0
1650892743.187823,pg_catalog,pg_foreign_server,pg_foreign_server_name_index,0,0,0,0,0
1650892743.187823,pg_catalog,pg_user_mapping,pg_user_mapping_user_server_index,0,0,0,0,0
1650892743.187823,pg_catalog,pg_policy,pg_policy_polrelid_polname_index,0,0,0,0,0
1650892743.187823,pg_catalog,pg_replication_origin,pg_replication_origin_roname_index,0,0,0,0,0
1650892743.187823,pg_catalog,pg_default_acl,pg_default_acl_role_nsp_obj_index,22,0,0,1,43
1650892743.187823,pg_catalog,pg_conversion,pg_conversion_oid_index,0,0,0,0,0
1650892743.187823,pg_catalog,pg_database,pg_database_oid_index,27074,27073,27073,68,36827
1650892743.187823,pg_catalog,pg_db_role_setting,pg_db_role_setting_databaseid_rol_index,39276,0,0,34,78572
1650892743.187823,pg_catalog,pg_tablespace,pg_tablespace_oid_index,1676,1676,1676,62,3288
1650892743.187823,pg_catalog,pg_auth_members,pg_auth_members_role_member_index,0,0,0,0,0
1650892743.187823,pg_catalog,pg_shdescription,pg_shdescription_o_c_index,0,0,0,0,0
1650892743.187823,pg_catalog,pg_ts_config,pg_ts_config_oid_index,28,28,28,2,40
1650892743.187823,pg_catalog,pg_ts_config_map,pg_ts_config_map_index,0,0,0,0,0
1650892743.187823,pg_catalog,pg_ts_dict,pg_ts_dict_oid_index,0,0,0,0,0
1650892743.187823,pg_catalog,pg_ts_parser,pg_ts_parser_oid_index,0,0,0,0,0
1650892743.187823,pg_catalog,pg_ts_template,pg_ts_template_oid_index,0,0,0,0,0
1650892743.187823,pg_catalog,pg_extension,pg_extension_oid_index,1,0,0,2,1
1650892743.187823,pg_catalog,pg_foreign_data_wrapper,pg_foreign_data_wrapper_oid_index,0,0,0,0,0
1650892743.187823,pg_catalog,pg_foreign_server,pg_foreign_server_oid_index,0,0,0,0,0
1650892743.187823,pg_catalog,pg_user_mapping,pg_user_mapping_oid_index,0,0,0,0,0
1650892743.187823,pg_catalog,pg_foreign_table,pg_foreign_table_relid_index,0,0,0,0,0
1650892743.187823,pg_catalog,pg_policy,pg_policy_oid_index,0,0,0,0,0
1650892743.187823,pg_catalog,pg_replication_origin,pg_replication_origin_roiident_index,0,0,0,0,0
1650892743.187823,pg_catalog,pg_default_acl,pg_default_acl_oid_index,0,0,0,0,0
1650892743.187823,pg_catalog,pg_init_privs,pg_init_privs_o_c_o_index,303,0,0,4,302
1650892743.187823,pg_catalog,pg_seclabel,pg_seclabel_object_index,303,0,0,2,604
1650892743.187823,pg_catalog,pg_collation,pg_collation_name_enc_nsp_index,0,0,0,0,0
1650892743.187823,pg_catalog,pg_range,pg_range_rngmultitypid_index,34,0,0,10,58
1650892743.187823,pg_catalog,pg_transform,pg_transform_type_lang_index,8,0,0,1,15
1650892743.187823,pg_catalog,pg_publication,pg_publication_pubname_index,0,0,0,0,0
1650892743.187823,pg_catalog,pg_publication_rel,pg_publication_rel_prrelid_prpubid_index,0,0,0,0,0
1650892743.187823,pg_catalog,pg_subscription,pg_subscription_subname_index,0,0,0,0,0
1650892743.187823,pg_catalog,pg_proc,pg_proc_oid_index,18899,18894,18894,75,39187
1650892743.187823,pg_catalog,pg_class,pg_class_oid_index,124591,125250,94592,108,255283
1650892743.187823,pg_catalog,pg_constraint,pg_constraint_oid_index,8,0,0,2,22
1650892743.187823,pg_catalog,pg_index,pg_index_indexrelid_index,40866,40897,40866,66,45863
1650892743.187823,pg_catalog,pg_namespace,pg_namespace_oid_index,22725,22725,22723,18,23210
1650892743.187823,pg_catalog,pg_authid,pg_authid_oid_index,3106,3105,3105,62,6150
1650892743.187823,pg_catalog,pg_shseclabel,pg_shseclabel_object_index,0,0,0,0,0
1650892743.187823,pg_catalog,pg_collation,pg_collation_oid_index,0,0,0,0,0
1650892743.187823,pg_catalog,pg_partitioned_table,pg_partitioned_table_partrelid_index,0,0,0,0,0
1650892743.187823,pg_catalog,pg_range,pg_range_rngtypid_index,34,0,0,10,58
1650892743.187823,pg_catalog,pg_transform,pg_transform_oid_index,0,0,0,0,0
1650892743.187823,pg_catalog,pg_sequence,pg_sequence_seqrelid_index,0,0,0,0,0
1650892743.187823,pg_catalog,pg_publication,pg_publication_oid_index,0,0,0,0,0
1650892743.187823,pg_catalog,pg_publication_rel,pg_publication_rel_oid_index,0,0,0,0,0
1650892743.187823,pg_catalog,pg_subscription,pg_subscription_oid_index,0,0,0,0,0
1650892743.187823,pg_catalog,pg_subscription_rel,pg_subscription_rel_srrelid_srsubid_index,0,0,0,0,0
1650892743.187823,pg_toast,pg_toast_14514,pg_toast_14514_index,0,0,0,0,0
1650892743.187823,pg_toast,pg_toast_14519,pg_toast_14519_index,0,0,0,0,0
1650892743.187823,pg_toast,pg_toast_14524,pg_toast_14524_index,0,0,0,0,0
1650892743.187823,pg_toast,pg_toast_14529,pg_toast_14529_index,0,0,0,0,0
1650892743.187823,public,customer,pk_customer,10258154,10565872,10258154,829,21137835
1650892743.187823,public,order_line,pk_order_line,5157225,69313497,56581981,508678,146017647
1650892743.187823,public,item,pk_item,27706936,27680631,27680631,1931,55412177
1650892743.187823,public,stock,pk_stock,60195356,82232269,55577708,5580,282816410
1650892743.187823,public,orders,i_orders,210729,17422195,17095208,10929,9786952
1650892743.187823,public,customer,i_customer,1652983,20468406,18860151,1718,5783434
1650892803.188304,pg_toast,pg_toast_1255,pg_toast_1255_index,2,3,3,2,1
1650892803.188304,pg_toast,pg_toast_1247,pg_toast_1247_index,0,0,0,0,0
1650892803.188304,pg_toast,pg_toast_2604,pg_toast_2604_index,0,0,0,0,0
1650892803.188304,pg_toast,pg_toast_2606,pg_toast_2606_index,0,0,0,0,0
1650892803.188304,pg_toast,pg_toast_2612,pg_toast_2612_index,0,0,0,0,0
1650892803.188304,pg_toast,pg_toast_2600,pg_toast_2600_index,0,0,0,0,0
1650892803.188304,pg_toast,pg_toast_2619,pg_toast_2619_index,10830,43798,43798,16,18077
1650892803.188304,pg_toast,pg_toast_3381,pg_toast_3381_index,0,0,0,0,0
1650892803.188304,pg_toast,pg_toast_3429,pg_toast_3429_index,0,0,0,0,0
1650892803.188304,pg_toast,pg_toast_2618,pg_toast_2618_index,926,3226,3226,14,1492
1650892803.188304,pg_toast,pg_toast_2620,pg_toast_2620_index,0,0,0,0,0
1650892803.188304,pg_toast,pg_toast_3466,pg_toast_3466_index,0,0,0,0,0
1650892803.188304,pg_toast,pg_toast_2609,pg_toast_2609_index,0,0,0,0,0
1650892803.188304,pg_toast,pg_toast_2615,pg_toast_2615_index,0,0,0,0,0
1650892803.188304,pg_toast,pg_toast_1262,pg_toast_1262_index,0,0,0,0,0
1650892803.188304,pg_toast,pg_toast_2964,pg_toast_2964_index,0,0,0,0,0
1650892803.188304,pg_toast,pg_toast_1213,pg_toast_1213_index,0,0,0,0,0
1650892803.188304,pg_toast,pg_toast_1260,pg_toast_1260_index,0,0,0,0,0
1650892803.188304,pg_toast,pg_toast_2396,pg_toast_2396_index,0,0,0,0,0
1650892803.188304,pg_toast,pg_toast_3600,pg_toast_3600_index,0,0,0,0,0
1650892803.188304,pg_toast,pg_toast_3079,pg_toast_3079_index,0,0,0,0,0
1650892803.188304,pg_toast,pg_toast_2328,pg_toast_2328_index,0,0,0,0,0
1650892803.188304,pg_toast,pg_toast_1417,pg_toast_1417_index,0,0,0,0,0
1650892803.188304,pg_toast,pg_toast_1418,pg_toast_1418_index,0,0,0,0,0
1650892803.188304,pg_toast,pg_toast_3118,pg_toast_3118_index,0,0,0,0,0
1650892803.188304,pg_toast,pg_toast_3256,pg_toast_3256_index,0,0,0,0,0
1650892803.188304,pg_toast,pg_toast_6000,pg_toast_6000_index,0,0,0,0,0
1650892803.188304,pg_toast,pg_toast_826,pg_toast_826_index,0,0,0,0,0
1650892803.188304,pg_toast,pg_toast_3394,pg_toast_3394_index,0,0,0,0,0
1650892803.188304,pg_toast,pg_toast_3596,pg_toast_3596_index,0,0,0,0,0
1650892803.188304,pg_toast,pg_toast_3592,pg_toast_3592_index,0,0,0,0,0
1650892803.188304,pg_toast,pg_toast_3456,pg_toast_3456_index,0,0,0,0,0
1650892803.188304,pg_toast,pg_toast_3350,pg_toast_3350_index,0,0,0,0,0
1650892803.188304,pg_toast,pg_toast_6100,pg_toast_6100_index,0,0,0,0,0
1650892803.188304,pg_toast,pg_toast_16401,pg_toast_16401_index,0,0,0,0,0
1650892803.188304,pg_catalog,pg_proc,pg_proc_proname_args_nsp_index,3092,9763,9763,68,7039
1650892803.188304,pg_catalog,pg_type,pg_type_typname_nsp_index,257,44,44,13,865
1650892803.188304,pg_catalog,pg_attribute,pg_attribute_relid_attnam_index,48,60,48,25,3680
1650892803.188304,public,new_order,pk_new_order,4766400,16888355,4378593,14527,49140121
1650892803.188304,pg_catalog,pg_class,pg_class_relname_nsp_index,10423,7680,7680,47,23355
1650892803.188304,pg_catalog,pg_class,pg_class_tblspc_relfilenode_index,0,0,0,15,1496
1650892803.188304,pg_catalog,pg_attrdef,pg_attrdef_adrelid_adnum_index,0,0,0,0,0
1650892803.188304,pg_catalog,pg_type,pg_type_oid_index,29466,29296,29296,36,60944
1650892803.188304,pg_catalog,pg_attribute,pg_attribute_relid_attnum_index,99509,248309,248241,254,207439
1650892803.188304,pg_catalog,pg_attrdef,pg_attrdef_oid_index,0,0,0,0,0
1650892803.188304,pg_catalog,pg_constraint,pg_constraint_conname_nsp_index,0,0,0,2,14
1650892803.188304,pg_catalog,pg_constraint,pg_constraint_conrelid_contypid_conname_index,270,262,262,14,403
1650892803.188304,pg_catalog,pg_constraint,pg_constraint_contypid_index,0,0,0,2,14
1650892803.188304,public,warehouse,pk_warehouse,5122703,10588240,5122703,13,5229705
1650892803.188304,pg_catalog,pg_constraint,pg_constraint_conparentid_index,0,0,0,2,14
1650892803.188304,pg_catalog,pg_inherits,pg_inherits_parent_index,0,0,0,0,0
1650892803.188304,pg_catalog,pg_index,pg_index_indrelid_index,12468,16439,16408,18,14083
1650892803.188304,public,orders,pk_orders,2407720,9311475,9223327,48746,16783110
1650892803.188304,pg_catalog,pg_operator,pg_operator_oprname_l_r_n_index,5727,59173,59173,39,13047
1650892803.188304,pg_catalog,pg_opfamily,pg_opfamily_am_name_nsp_index,0,0,0,0,0
1650892803.188304,pg_catalog,pg_opclass,pg_opclass_am_name_nsp_index,3786,162702,162702,18,4787
1650892803.188304,pg_catalog,pg_am,pg_am_name_index,0,0,0,0,0
1650892803.188304,pg_catalog,pg_amop,pg_amop_fam_strat_index,9599,9599,9599,29,20586
1650892803.188304,pg_catalog,pg_amop,pg_amop_opr_fam_index,6207,21036,21036,45,13786
1650892803.188304,pg_catalog,pg_amproc,pg_amproc_fam_proc_index,10879,27241,27241,100,26678
1650892803.188304,pg_catalog,pg_language,pg_language_name_index,1,1,1,2,0
1650892803.188304,pg_catalog,pg_statistic_ext,pg_statistic_ext_name_index,0,0,0,0,0
1650892803.188304,pg_catalog,pg_statistic_ext,pg_statistic_ext_relid_index,9003,0,0,9,17997
1650892803.188304,pg_catalog,pg_rewrite,pg_rewrite_rel_rulename_index,973,973,973,12,1672
1650892803.188304,pg_catalog,pg_trigger,pg_trigger_tgconstraint_index,0,0,0,0,0
1650892803.188304,pg_catalog,pg_trigger,pg_trigger_tgrelid_tgname_index,0,0,0,0,0
1650892803.188304,pg_catalog,pg_event_trigger,pg_event_trigger_evtname_index,23,0,0,2,21
1650892803.188304,pg_catalog,pg_cast,pg_cast_source_target_index,74343,15234,15234,18,75646
1650892803.188304,pg_catalog,pg_enum,pg_enum_typid_label_index,0,0,0,0,0
1650892803.188304,pg_catalog,pg_enum,pg_enum_typid_sortorder_index,0,0,0,0,0
1650892803.188304,pg_catalog,pg_inherits,pg_inherits_relid_seqno_index,153,0,0,2,304
1650892803.188304,pg_catalog,pg_operator,pg_operator_oid_index,6153,6153,6153,36,13687
1650892803.188304,pg_catalog,pg_opfamily,pg_opfamily_oid_index,0,0,0,0,0
1650892803.188304,pg_catalog,pg_opclass,pg_opclass_oid_index,11416,11416,11416,66,16370
1650892803.188304,pg_catalog,pg_am,pg_am_oid_index,0,0,0,0,0
1650892803.188304,pg_catalog,pg_amop,pg_amop_oid_index,0,0,0,0,0
1650892803.188304,pg_catalog,pg_amproc,pg_amproc_oid_index,0,0,0,0,0
1650892803.188304,pg_catalog,pg_language,pg_language_oid_index,1,1,1,2,0
1650892803.188304,pg_catalog,pg_largeobject_metadata,pg_largeobject_metadata_oid_index,0,0,0,0,0
1650892803.188304,pg_catalog,pg_largeobject,pg_largeobject_loid_pn_index,0,0,0,0,0
1650892803.188304,pg_catalog,pg_aggregate,pg_aggregate_fnoid_index,597,597,597,14,966
1650892803.188304,pg_catalog,pg_statistic,pg_statistic_relid_att_inh_index,44449,44380,44039,44,91878
1650892803.188304,pg_catalog,pg_statistic_ext,pg_statistic_ext_oid_index,0,0,0,0,0
1650892803.188304,pg_catalog,pg_statistic_ext_data,pg_statistic_ext_data_stxoid_index,0,0,0,0,0
1650892803.188304,pg_catalog,pg_rewrite,pg_rewrite_oid_index,0,0,0,0,0
1650892803.188304,pg_catalog,pg_trigger,pg_trigger_oid_index,0,0,0,0,0
1650892803.188304,pg_catalog,pg_event_trigger,pg_event_trigger_oid_index,0,0,0,0,0
1650892803.188304,pg_catalog,pg_description,pg_description_o_c_o_index,304,0,0,6,608
1650892803.188304,pg_catalog,pg_cast,pg_cast_oid_index,0,0,0,0,0
1650892803.188304,pg_catalog,pg_enum,pg_enum_oid_index,0,0,0,0,0
1650892803.188304,pg_catalog,pg_namespace,pg_namespace_nspname_index,3705,2196,2196,18,5212
1650892803.188304,public,district,pk_district,5419753,31135982,0,13,5439980
1650892803.188304,pg_catalog,pg_conversion,pg_conversion_default_index,0,0,0,0,0
1650892803.188304,pg_catalog,pg_conversion,pg_conversion_name_nsp_index,0,0,0,0,0
1650892803.188304,pg_catalog,pg_depend,pg_depend_depender_index,606,602,602,16,2000
1650892803.188304,pg_catalog,pg_depend,pg_depend_reference_index,2785,2490,2489,33,6335
1650892803.188304,pg_catalog,pg_database,pg_database_datname_index,12734,12733,12733,68,22457
1650892803.188304,pg_catalog,pg_tablespace,pg_tablespace_spcname_index,0,0,0,6,48
1650892803.188304,pg_catalog,pg_authid,pg_authid_rolname_index,2957,2956,2956,60,5854
1650892803.188304,pg_catalog,pg_auth_members,pg_auth_members_member_role_index,0,0,0,0,0
1650892803.188304,pg_catalog,pg_shdepend,pg_shdepend_depender_index,304,0,0,4,304
1650892803.188304,pg_catalog,pg_shdepend,pg_shdepend_reference_index,101,101,101,6,109
1650892803.188304,pg_catalog,pg_ts_config,pg_ts_config_cfgname_index,28,28,28,2,40
1650892803.188304,pg_catalog,pg_ts_dict,pg_ts_dict_dictname_index,0,0,0,0,0
1650892803.188304,pg_catalog,pg_ts_parser,pg_ts_parser_prsname_index,0,0,0,0,0
1650892803.188304,pg_catalog,pg_ts_template,pg_ts_template_tmplname_index,0,0,0,0,0
1650892803.188304,pg_catalog,pg_extension,pg_extension_name_index,1,0,0,2,1
1650892803.188304,pg_catalog,pg_foreign_data_wrapper,pg_foreign_data_wrapper_name_index,0,0,0,0,0
1650892803.188304,pg_catalog,pg_foreign_server,pg_foreign_server_name_index,0,0,0,0,0
1650892803.188304,pg_catalog,pg_user_mapping,pg_user_mapping_user_server_index,0,0,0,0,0
1650892803.188304,pg_catalog,pg_policy,pg_policy_polrelid_polname_index,0,0,0,0,0
1650892803.188304,pg_catalog,pg_replication_origin,pg_replication_origin_roname_index,0,0,0,0,0
1650892803.188304,pg_catalog,pg_default_acl,pg_default_acl_role_nsp_obj_index,22,0,0,1,43
1650892803.188304,pg_catalog,pg_conversion,pg_conversion_oid_index,0,0,0,0,0
1650892803.188304,pg_catalog,pg_database,pg_database_oid_index,27087,27086,27086,68,36848
1650892803.188304,pg_catalog,pg_db_role_setting,pg_db_role_setting_databaseid_rol_index,39308,0,0,34,78636
1650892803.188304,pg_catalog,pg_tablespace,pg_tablespace_oid_index,1683,1683,1683,62,3302
1650892803.188304,pg_catalog,pg_auth_members,pg_auth_members_role_member_index,0,0,0,0,0
1650892803.188304,pg_catalog,pg_shdescription,pg_shdescription_o_c_index,0,0,0,0,0
1650892803.188304,pg_catalog,pg_ts_config,pg_ts_config_oid_index,28,28,28,2,40
1650892803.188304,pg_catalog,pg_ts_config_map,pg_ts_config_map_index,0,0,0,0,0
1650892803.188304,pg_catalog,pg_ts_dict,pg_ts_dict_oid_index,0,0,0,0,0
1650892803.188304,pg_catalog,pg_ts_parser,pg_ts_parser_oid_index,0,0,0,0,0
1650892803.188304,pg_catalog,pg_ts_template,pg_ts_template_oid_index,0,0,0,0,0
1650892803.188304,pg_catalog,pg_extension,pg_extension_oid_index,1,0,0,2,1
1650892803.188304,pg_catalog,pg_foreign_data_wrapper,pg_foreign_data_wrapper_oid_index,0,0,0,0,0
1650892803.188304,pg_catalog,pg_foreign_server,pg_foreign_server_oid_index,0,0,0,0,0
1650892803.188304,pg_catalog,pg_user_mapping,pg_user_mapping_oid_index,0,0,0,0,0
1650892803.188304,pg_catalog,pg_foreign_table,pg_foreign_table_relid_index,0,0,0,0,0
1650892803.188304,pg_catalog,pg_policy,pg_policy_oid_index,0,0,0,0,0
1650892803.188304,pg_catalog,pg_replication_origin,pg_replication_origin_roiident_index,0,0,0,0,0
1650892803.188304,pg_catalog,pg_default_acl,pg_default_acl_oid_index,0,0,0,0,0
1650892803.188304,pg_catalog,pg_init_privs,pg_init_privs_o_c_o_index,303,0,0,4,302
1650892803.188304,pg_catalog,pg_seclabel,pg_seclabel_object_index,303,0,0,2,604
1650892803.188304,pg_catalog,pg_collation,pg_collation_name_enc_nsp_index,0,0,0,0,0
1650892803.188304,pg_catalog,pg_range,pg_range_rngmultitypid_index,34,0,0,10,58
1650892803.188304,pg_catalog,pg_transform,pg_transform_type_lang_index,8,0,0,1,15
1650892803.188304,pg_catalog,pg_publication,pg_publication_pubname_index,0,0,0,0,0
1650892803.188304,pg_catalog,pg_publication_rel,pg_publication_rel_prrelid_prpubid_index,0,0,0,0,0
1650892803.188304,pg_catalog,pg_subscription,pg_subscription_subname_index,0,0,0,0,0
1650892803.188304,pg_catalog,pg_proc,pg_proc_oid_index,18982,18977,18977,75,39359
1650892803.188304,pg_catalog,pg_class,pg_class_oid_index,125578,126236,95350,108,257264
1650892803.188304,pg_catalog,pg_constraint,pg_constraint_oid_index,8,0,0,2,22
1650892803.188304,pg_catalog,pg_index,pg_index_indexrelid_index,41094,41125,41094,66,46098
1650892803.188304,pg_catalog,pg_namespace,pg_namespace_oid_index,22899,22899,22897,18,23387
1650892803.188304,pg_catalog,pg_authid,pg_authid_oid_index,3113,3112,3112,62,6164
1650892803.188304,pg_catalog,pg_shseclabel,pg_shseclabel_object_index,0,0,0,0,0
1650892803.188304,pg_catalog,pg_collation,pg_collation_oid_index,0,0,0,0,0
1650892803.188304,pg_catalog,pg_partitioned_table,pg_partitioned_table_partrelid_index,0,0,0,0,0
1650892803.188304,pg_catalog,pg_range,pg_range_rngtypid_index,34,0,0,10,58
1650892803.188304,pg_catalog,pg_transform,pg_transform_oid_index,0,0,0,0,0
1650892803.188304,pg_catalog,pg_sequence,pg_sequence_seqrelid_index,0,0,0,0,0
1650892803.188304,pg_catalog,pg_publication,pg_publication_oid_index,0,0,0,0,0
1650892803.188304,pg_catalog,pg_publication_rel,pg_publication_rel_oid_index,0,0,0,0,0
1650892803.188304,pg_catalog,pg_subscription,pg_subscription_oid_index,0,0,0,0,0
1650892803.188304,pg_catalog,pg_subscription_rel,pg_subscription_rel_srrelid_srsubid_index,0,0,0,0,0
1650892803.188304,pg_toast,pg_toast_14514,pg_toast_14514_index,0,0,0,0,0
1650892803.188304,pg_toast,pg_toast_14519,pg_toast_14519_index,0,0,0,0,0
1650892803.188304,pg_toast,pg_toast_14524,pg_toast_14524_index,0,0,0,0,0
1650892803.188304,pg_toast,pg_toast_14529,pg_toast_14529_index,0,0,0,0,0
1650892803.188304,public,customer,pk_customer,10430370,10747127,10430370,829,21501075
1650892803.188304,public,order_line,pk_order_line,5243835,70545746,57539459,512473,148752309
1650892803.188304,public,item,pk_item,28171276,28144511,28144511,1931,56340857
1650892803.188304,public,stock,pk_stock,61211037,83749846,56509236,5580,287583266
1650892803.188304,public,orders,i_orders,213997,17790468,17460208,10990,9955862
1650892803.188304,public,customer,i_customer,1680865,20822202,19181268,1718,5890821
1650892863.198279,pg_toast,pg_toast_1255,pg_toast_1255_index,2,3,3,2,1
1650892863.198279,pg_toast,pg_toast_1247,pg_toast_1247_index,0,0,0,0,0
1650892863.198279,pg_toast,pg_toast_2604,pg_toast_2604_index,0,0,0,0,0
1650892863.198279,pg_toast,pg_toast_2606,pg_toast_2606_index,0,0,0,0,0
1650892863.198279,pg_toast,pg_toast_2612,pg_toast_2612_index,0,0,0,0,0
1650892863.198279,pg_toast,pg_toast_2600,pg_toast_2600_index,0,0,0,0,0
1650892863.198279,pg_toast,pg_toast_2619,pg_toast_2619_index,10951,44342,44342,16,18269
1650892863.198279,pg_toast,pg_toast_3381,pg_toast_3381_index,0,0,0,0,0
1650892863.198279,pg_toast,pg_toast_3429,pg_toast_3429_index,0,0,0,0,0
1650892863.198279,pg_toast,pg_toast_2618,pg_toast_2618_index,931,3244,3244,14,1500
1650892863.198279,pg_toast,pg_toast_2620,pg_toast_2620_index,0,0,0,0,0
1650892863.198279,pg_toast,pg_toast_3466,pg_toast_3466_index,0,0,0,0,0
1650892863.198279,pg_toast,pg_toast_2609,pg_toast_2609_index,0,0,0,0,0
1650892863.198279,pg_toast,pg_toast_2615,pg_toast_2615_index,0,0,0,0,0
1650892863.198279,pg_toast,pg_toast_1262,pg_toast_1262_index,0,0,0,0,0
1650892863.198279,pg_toast,pg_toast_2964,pg_toast_2964_index,0,0,0,0,0
1650892863.198279,pg_toast,pg_toast_1213,pg_toast_1213_index,0,0,0,0,0
1650892863.198279,pg_toast,pg_toast_1260,pg_toast_1260_index,0,0,0,0,0
1650892863.198279,pg_toast,pg_toast_2396,pg_toast_2396_index,0,0,0,0,0
1650892863.198279,pg_toast,pg_toast_3600,pg_toast_3600_index,0,0,0,0,0
1650892863.198279,pg_toast,pg_toast_3079,pg_toast_3079_index,0,0,0,0,0
1650892863.198279,pg_toast,pg_toast_2328,pg_toast_2328_index,0,0,0,0,0
1650892863.198279,pg_toast,pg_toast_1417,pg_toast_1417_index,0,0,0,0,0
1650892863.198279,pg_toast,pg_toast_1418,pg_toast_1418_index,0,0,0,0,0
1650892863.198279,pg_toast,pg_toast_3118,pg_toast_3118_index,0,0,0,0,0
1650892863.198279,pg_toast,pg_toast_3256,pg_toast_3256_index,0,0,0,0,0
1650892863.198279,pg_toast,pg_toast_6000,pg_toast_6000_index,0,0,0,0,0
1650892863.198279,pg_toast,pg_toast_826,pg_toast_826_index,0,0,0,0,0
1650892863.198279,pg_toast,pg_toast_3394,pg_toast_3394_index,0,0,0,0,0
1650892863.198279,pg_toast,pg_toast_3596,pg_toast_3596_index,0,0,0,0,0
1650892863.198279,pg_toast,pg_toast_3592,pg_toast_3592_index,0,0,0,0,0
1650892863.198279,pg_toast,pg_toast_3456,pg_toast_3456_index,0,0,0,0,0
1650892863.198279,pg_toast,pg_toast_3350,pg_toast_3350_index,0,0,0,0,0
1650892863.198279,pg_toast,pg_toast_6100,pg_toast_6100_index,0,0,0,0,0
1650892863.198279,pg_toast,pg_toast_16401,pg_toast_16401_index,0,0,0,0,0
1650892863.198279,pg_catalog,pg_proc,pg_proc_proname_args_nsp_index,3098,9784,9784,68,7054
1650892863.198279,pg_catalog,pg_type,pg_type_typname_nsp_index,257,44,44,13,865
1650892863.198279,pg_catalog,pg_attribute,pg_attribute_relid_attnam_index,48,60,48,25,3680
1650892863.198279,public,new_order,pk_new_order,4844180,17106578,4444315,14775,50780034
1650892863.198279,pg_catalog,pg_class,pg_class_relname_nsp_index,10491,7748,7748,47,23494
1650892863.198279,pg_catalog,pg_class,pg_class_tblspc_relfilenode_index,0,0,0,15,1498
1650892863.198279,pg_catalog,pg_attrdef,pg_attrdef_adrelid_adnum_index,0,0,0,0,0
1650892863.198279,pg_catalog,pg_type,pg_type_oid_index,29527,29357,29357,36,61070
1650892863.198279,pg_catalog,pg_attribute,pg_attribute_relid_attnum_index,99931,250069,250001,254,208288
1650892863.198279,pg_catalog,pg_attrdef,pg_attrdef_oid_index,0,0,0,0,0
1650892863.198279,pg_catalog,pg_constraint,pg_constraint_conname_nsp_index,0,0,0,2,14
1650892863.198279,pg_catalog,pg_constraint,pg_constraint_conrelid_contypid_conname_index,272,264,264,14,406
1650892863.198279,pg_catalog,pg_constraint,pg_constraint_contypid_index,0,0,0,2,14
1650892863.198279,public,warehouse,pk_warehouse,5208861,10758855,5208861,13,5318117
1650892863.198279,pg_catalog,pg_constraint,pg_constraint_conparentid_index,0,0,0,2,14
1650892863.198279,pg_catalog,pg_inherits,pg_inherits_parent_index,0,0,0,0,0
1650892863.198279,pg_catalog,pg_index,pg_index_indrelid_index,12575,16577,16546,18,14194
1650892863.198279,public,orders,pk_orders,2447318,9552994,9461345,49130,17062946
1650892863.198279,pg_catalog,pg_operator,pg_operator_oprname_l_r_n_index,5729,59175,59175,39,13053
1650892863.198279,pg_catalog,pg_opfamily,pg_opfamily_am_name_nsp_index,0,0,0,0,0
1650892863.198279,pg_catalog,pg_opclass,pg_opclass_am_name_nsp_index,3798,163224,163224,18,4802
1650892863.198279,pg_catalog,pg_am,pg_am_name_index,0,0,0,0,0
1650892863.198279,pg_catalog,pg_amop,pg_amop_fam_strat_index,9629,9629,9629,29,20649
1650892863.198279,pg_catalog,pg_amop,pg_amop_opr_fam_index,6224,21089,21089,45,13823
1650892863.198279,pg_catalog,pg_amproc,pg_amproc_fam_proc_index,10902,27291,27291,100,26729
1650892863.198279,pg_catalog,pg_language,pg_language_name_index,1,1,1,2,0
1650892863.198279,pg_catalog,pg_statistic_ext,pg_statistic_ext_name_index,0,0,0,0,0
1650892863.198279,pg_catalog,pg_statistic_ext,pg_statistic_ext_relid_index,9081,0,0,9,18153
1650892863.198279,pg_catalog,pg_rewrite,pg_rewrite_rel_rulename_index,978,978,978,12,1680
1650892863.198279,pg_catalog,pg_trigger,pg_trigger_tgconstraint_index,0,0,0,0,0
1650892863.198279,pg_catalog,pg_trigger,pg_trigger_tgrelid_tgname_index,0,0,0,0,0
1650892863.198279,pg_catalog,pg_event_trigger,pg_event_trigger_evtname_index,23,0,0,2,21
1650892863.198279,pg_catalog,pg_cast,pg_cast_source_target_index,74529,15271,15271,18,75836
1650892863.198279,pg_catalog,pg_enum,pg_enum_typid_label_index,0,0,0,0,0
1650892863.198279,pg_catalog,pg_enum,pg_enum_typid_sortorder_index,0,0,0,0,0
1650892863.198279,pg_catalog,pg_inherits,pg_inherits_relid_seqno_index,153,0,0,2,304
1650892863.198279,pg_catalog,pg_operator,pg_operator_oid_index,6168,6168,6168,36,13720
1650892863.198279,pg_catalog,pg_opfamily,pg_opfamily_oid_index,0,0,0,0,0
1650892863.198279,pg_catalog,pg_opclass,pg_opclass_oid_index,11440,11440,11440,66,16399
1650892863.198279,pg_catalog,pg_am,pg_am_oid_index,0,0,0,0,0
1650892863.198279,pg_catalog,pg_amop,pg_amop_oid_index,0,0,0,0,0
1650892863.198279,pg_catalog,pg_amproc,pg_amproc_oid_index,0,0,0,0,0
1650892863.198279,pg_catalog,pg_language,pg_language_oid_index,1,1,1,2,0
1650892863.198279,pg_catalog,pg_largeobject_metadata,pg_largeobject_metadata_oid_index,0,0,0,0,0
1650892863.198279,pg_catalog,pg_largeobject,pg_largeobject_loid_pn_index,0,0,0,0,0
1650892863.198279,pg_catalog,pg_aggregate,pg_aggregate_fnoid_index,598,598,598,14,968
1650892863.198279,pg_catalog,pg_statistic,pg_statistic_relid_att_inh_index,44833,44765,44423,44,92651
1650892863.198279,pg_catalog,pg_statistic_ext,pg_statistic_ext_oid_index,0,0,0,0,0
1650892863.198279,pg_catalog,pg_statistic_ext_data,pg_statistic_ext_data_stxoid_index,0,0,0,0,0
1650892863.198279,pg_catalog,pg_rewrite,pg_rewrite_oid_index,0,0,0,0,0
1650892863.198279,pg_catalog,pg_trigger,pg_trigger_oid_index,0,0,0,0,0
1650892863.198279,pg_catalog,pg_event_trigger,pg_event_trigger_oid_index,0,0,0,0,0
1650892863.198279,pg_catalog,pg_description,pg_description_o_c_o_index,304,0,0,6,608
1650892863.198279,pg_catalog,pg_cast,pg_cast_oid_index,0,0,0,0,0
1650892863.198279,pg_catalog,pg_enum,pg_enum_oid_index,0,0,0,0,0
1650892863.198279,pg_catalog,pg_namespace,pg_namespace_nspname_index,3714,2202,2202,18,5224
1650892863.198279,public,district,pk_district,5509891,31745625,0,13,5530330
1650892863.198279,pg_catalog,pg_conversion,pg_conversion_default_index,0,0,0,0,0
1650892863.198279,pg_catalog,pg_conversion,pg_conversion_name_nsp_index,0,0,0,0,0
1650892863.198279,pg_catalog,pg_depend,pg_depend_depender_index,606,602,602,16,2000
1650892863.198279,pg_catalog,pg_depend,pg_depend_reference_index,2785,2490,2489,33,6335
1650892863.198279,pg_catalog,pg_database,pg_database_datname_index,12744,12743,12743,68,22473
1650892863.198279,pg_catalog,pg_tablespace,pg_tablespace_spcname_index,0,0,0,6,48
1650892863.198279,pg_catalog,pg_authid,pg_authid_rolname_index,2961,2960,2960,60,5862
1650892863.198279,pg_catalog,pg_auth_members,pg_auth_members_member_role_index,0,0,0,0,0
1650892863.198279,pg_catalog,pg_shdepend,pg_shdepend_depender_index,304,0,0,4,304
1650892863.198279,pg_catalog,pg_shdepend,pg_shdepend_reference_index,101,101,101,6,109
1650892863.198279,pg_catalog,pg_ts_config,pg_ts_config_cfgname_index,28,28,28,2,40
1650892863.198279,pg_catalog,pg_ts_dict,pg_ts_dict_dictname_index,0,0,0,0,0
1650892863.198279,pg_catalog,pg_ts_parser,pg_ts_parser_prsname_index,0,0,0,0,0
1650892863.198279,pg_catalog,pg_ts_template,pg_ts_template_tmplname_index,0,0,0,0,0
1650892863.198279,pg_catalog,pg_extension,pg_extension_name_index,1,0,0,2,1
1650892863.198279,pg_catalog,pg_foreign_data_wrapper,pg_foreign_data_wrapper_name_index,0,0,0,0,0
1650892863.198279,pg_catalog,pg_foreign_server,pg_foreign_server_name_index,0,0,0,0,0
1650892863.198279,pg_catalog,pg_user_mapping,pg_user_mapping_user_server_index,0,0,0,0,0
1650892863.198279,pg_catalog,pg_policy,pg_policy_polrelid_polname_index,0,0,0,0,0
1650892863.198279,pg_catalog,pg_replication_origin,pg_replication_origin_roname_index,0,0,0,0,0
1650892863.198279,pg_catalog,pg_default_acl,pg_default_acl_role_nsp_obj_index,22,0,0,1,43
1650892863.198279,pg_catalog,pg_conversion,pg_conversion_oid_index,0,0,0,0,0
1650892863.198279,pg_catalog,pg_database,pg_database_oid_index,27098,27097,27097,68,36865
1650892863.198279,pg_catalog,pg_db_role_setting,pg_db_role_setting_databaseid_rol_index,39332,0,0,34,78684
1650892863.198279,pg_catalog,pg_tablespace,pg_tablespace_oid_index,1687,1687,1687,62,3310
1650892863.198279,pg_catalog,pg_auth_members,pg_auth_members_role_member_index,0,0,0,0,0
1650892863.198279,pg_catalog,pg_shdescription,pg_shdescription_o_c_index,0,0,0,0,0
1650892863.198279,pg_catalog,pg_ts_config,pg_ts_config_oid_index,28,28,28,2,40
1650892863.198279,pg_catalog,pg_ts_config_map,pg_ts_config_map_index,0,0,0,0,0
1650892863.198279,pg_catalog,pg_ts_dict,pg_ts_dict_oid_index,0,0,0,0,0
1650892863.198279,pg_catalog,pg_ts_parser,pg_ts_parser_oid_index,0,0,0,0,0
1650892863.198279,pg_catalog,pg_ts_template,pg_ts_template_oid_index,0,0,0,0,0
1650892863.198279,pg_catalog,pg_extension,pg_extension_oid_index,1,0,0,2,1
1650892863.198279,pg_catalog,pg_foreign_data_wrapper,pg_foreign_data_wrapper_oid_index,0,0,0,0,0
1650892863.198279,pg_catalog,pg_foreign_server,pg_foreign_server_oid_index,0,0,0,0,0
1650892863.198279,pg_catalog,pg_user_mapping,pg_user_mapping_oid_index,0,0,0,0,0
1650892863.198279,pg_catalog,pg_foreign_table,pg_foreign_table_relid_index,0,0,0,0,0
1650892863.198279,pg_catalog,pg_policy,pg_policy_oid_index,0,0,0,0,0
1650892863.198279,pg_catalog,pg_replication_origin,pg_replication_origin_roiident_index,0,0,0,0,0
1650892863.198279,pg_catalog,pg_default_acl,pg_default_acl_oid_index,0,0,0,0,0
1650892863.198279,pg_catalog,pg_init_privs,pg_init_privs_o_c_o_index,303,0,0,4,302
1650892863.198279,pg_catalog,pg_seclabel,pg_seclabel_object_index,303,0,0,2,604
1650892863.198279,pg_catalog,pg_collation,pg_collation_name_enc_nsp_index,0,0,0,0,0
1650892863.198279,pg_catalog,pg_range,pg_range_rngmultitypid_index,34,0,0,10,58
1650892863.198279,pg_catalog,pg_transform,pg_transform_type_lang_index,8,0,0,1,15
1650892863.198279,pg_catalog,pg_publication,pg_publication_pubname_index,0,0,0,0,0
1650892863.198279,pg_catalog,pg_publication_rel,pg_publication_rel_prrelid_prpubid_index,0,0,0,0,0
1650892863.198279,pg_catalog,pg_subscription,pg_subscription_subname_index,0,0,0,0,0
1650892863.198279,pg_catalog,pg_proc,pg_proc_oid_index,19053,19048,19048,75,39504
1650892863.198279,pg_catalog,pg_class,pg_class_oid_index,126436,127093,95979,108,258985
1650892863.198279,pg_catalog,pg_constraint,pg_constraint_oid_index,8,0,0,2,22
1650892863.198279,pg_catalog,pg_index,pg_index_indexrelid_index,41307,41338,41307,66,46316
1650892863.198279,pg_catalog,pg_namespace,pg_namespace_oid_index,23073,23073,23071,18,23564
1650892863.198279,pg_catalog,pg_authid,pg_authid_oid_index,3118,3117,3117,62,6174
1650892863.198279,pg_catalog,pg_shseclabel,pg_shseclabel_object_index,0,0,0,0,0
1650892863.198279,pg_catalog,pg_collation,pg_collation_oid_index,0,0,0,0,0
1650892863.198279,pg_catalog,pg_partitioned_table,pg_partitioned_table_partrelid_index,0,0,0,0,0
1650892863.198279,pg_catalog,pg_range,pg_range_rngtypid_index,34,0,0,10,58
1650892863.198279,pg_catalog,pg_transform,pg_transform_oid_index,0,0,0,0,0
1650892863.198279,pg_catalog,pg_sequence,pg_sequence_seqrelid_index,0,0,0,0,0
1650892863.198279,pg_catalog,pg_publication,pg_publication_oid_index,0,0,0,0,0
1650892863.198279,pg_catalog,pg_publication_rel,pg_publication_rel_oid_index,0,0,0,0,0
1650892863.198279,pg_catalog,pg_subscription,pg_subscription_oid_index,0,0,0,0,0
1650892863.198279,pg_catalog,pg_subscription_rel,pg_subscription_rel_srrelid_srsubid_index,0,0,0,0,0
1650892863.198279,pg_toast,pg_toast_14514,pg_toast_14514_index,0,0,0,0,0
1650892863.198279,pg_toast,pg_toast_14519,pg_toast_14519_index,0,0,0,0,0
1650892863.198279,pg_toast,pg_toast_14524,pg_toast_14524_index,0,0,0,0,0
1650892863.198279,pg_toast,pg_toast_14529,pg_toast_14529_index,0,0,0,0,0
1650892863.198279,public,customer,pk_customer,10601452,10923659,10601452,829,21855452
1650892863.198279,public,order_line,pk_order_line,5329529,72012523,58483617,516436,151946177
1650892863.198279,public,item,pk_item,28633635,28606453,28606453,1931,57265575
1650892863.198279,public,stock,pk_stock,62218722,85137324,57436819,5580,292329521
1650892863.198279,public,orders,i_orders,217223,18184473,17849420,11032,10123143
1650892863.198279,public,customer,i_customer,1708511,21168465,19492461,1718,5989429
