ctime,relname,pid,mode,granted
1654125964.515467,pg_index,8716,AccessShareLock,t
1654125964.515467,pg_index,8712,AccessShareLock,t
1654125964.515467,pg_index_indexrelid_index,8716,AccessShareLock,t
1654125964.515467,pg_index_indexrelid_index,8712,AccessShareLock,t
1654125964.515467,pg_index_indrelid_index,8712,AccessShareLock,t
1654125964.515467,pg_index_indrelid_index,8716,AccessShareLock,t
1654125964.515467,pg_namespace,8712,AccessShareLock,t
1654125964.515467,pg_namespace,8716,AccessShareLock,t
1654125964.515467,pg_namespace_nspname_index,8712,AccessShareLock,t
1654125964.515467,pg_namespace_nspname_index,8716,AccessShareLock,t
1654125964.515467,pg_namespace_oid_index,8716,AccessShareLock,t
1654125964.515467,pg_namespace_oid_index,8712,AccessShareLock,t
1654126024.553427,customer,9289,AccessShareLock,t
1654126024.553427,customer,9315,AccessShareLock,t
1654126024.553427,customer,9221,AccessShareLock,t
1654126024.553427,customer,9313,AccessShareLock,t
1654126024.553427,customer,9287,AccessShareLock,t
1654126024.553427,customer,9288,AccessShareLock,t
1654126024.553427,customer,9222,AccessShareLock,t
1654126024.553427,customer,9314,AccessShareLock,t
1654126024.553427,customer,9220,AccessShareLock,t
1654126024.553427,customer_c_mktsegment_c_custkey_idx,9313,AccessShareLock,t
1654126024.553427,customer_c_mktsegment_c_custkey_idx,9287,AccessShareLock,t
1654126024.553427,customer_c_mktsegment_c_custkey_idx,9220,AccessShareLock,t
1654126024.553427,customer_c_nationkey_c_custkey_idx,9287,AccessShareLock,t
1654126024.553427,customer_c_nationkey_c_custkey_idx,9315,AccessShareLock,t
1654126024.553427,customer_c_nationkey_c_custkey_idx,9314,AccessShareLock,t
1654126024.553427,customer_c_nationkey_c_custkey_idx,9220,AccessShareLock,t
1654126024.553427,customer_c_nationkey_c_custkey_idx,9313,AccessShareLock,t
1654126024.553427,customer_c_phone_c_acctbal_c_custkey_idx,9313,AccessShareLock,t
1654126024.553427,customer_c_phone_c_acctbal_c_custkey_idx,9220,AccessShareLock,t
1654126024.553427,customer_c_phone_c_acctbal_c_custkey_idx,9287,AccessShareLock,t
1654126024.553427,customer_c_phone_idx_c_acctbal,9220,AccessShareLock,t
1654126024.553427,customer_c_phone_idx_c_acctbal,9313,AccessShareLock,t
1654126024.553427,customer_c_phone_idx_c_acctbal,9287,AccessShareLock,t
1654126024.553427,lineitem,9313,AccessShareLock,t
1654126024.553427,lineitem,9289,AccessShareLock,t
1654126024.553427,lineitem,9288,AccessShareLock,t
1654126024.553427,lineitem,9221,AccessShareLock,t
1654126024.553427,lineitem,9315,AccessShareLock,t
1654126024.553427,lineitem,9314,AccessShareLock,t
1654126024.553427,lineitem,9222,AccessShareLock,t
1654126024.553427,lineitem,9287,AccessShareLock,t
1654126024.553427,lineitem,9320,RowExclusiveLock,t
1654126024.553427,lineitem,9220,AccessShareLock,t
1654126024.553427,lineitem_l_orderkey_idx_l_returnflag,9320,RowExclusiveLock,t
1654126024.553427,lineitem_l_orderkey_idx_l_returnflag,9313,AccessShareLock,t
1654126024.553427,lineitem_l_orderkey_idx_l_returnflag,9287,AccessShareLock,t
1654126024.553427,lineitem_l_orderkey_idx_l_returnflag,9220,AccessShareLock,t
1654126024.553427,lineitem_l_orderkey_idx_part2,9320,RowExclusiveLock,t
1654126024.553427,lineitem_l_orderkey_idx_part2,9220,AccessShareLock,t
1654126024.553427,lineitem_l_orderkey_idx_part2,9313,AccessShareLock,t
1654126024.553427,lineitem_l_orderkey_idx_part2,9287,AccessShareLock,t
1654126024.553427,lineitem_l_orderkey_l_suppkey_idx,9320,RowExclusiveLock,t
1654126024.553427,lineitem_l_orderkey_l_suppkey_idx,9220,AccessShareLock,t
1654126024.553427,lineitem_l_orderkey_l_suppkey_idx,9287,AccessShareLock,t
1654126024.553427,lineitem_l_orderkey_l_suppkey_idx,9313,AccessShareLock,t
1654126024.553427,lineitem_l_orderkey_l_suppkey_l_quantity_idx,9320,RowExclusiveLock,t
1654126024.553427,lineitem_l_orderkey_l_suppkey_l_quantity_idx,9220,AccessShareLock,t
1654126024.553427,lineitem_l_orderkey_l_suppkey_l_quantity_idx,9313,AccessShareLock,t
1654126024.553427,lineitem_l_orderkey_l_suppkey_l_quantity_idx,9287,AccessShareLock,t
1654126024.553427,lineitem_l_orderkey_l_suppkey_l_quantity_idx,9289,AccessShareLock,t
1654126024.553427,lineitem_l_orderkey_l_suppkey_l_quantity_idx,9288,AccessShareLock,t
1654126024.553427,lineitem_l_partkey_l_quantity_l_shipmode_idx,9287,AccessShareLock,t
1654126024.553427,lineitem_l_partkey_l_quantity_l_shipmode_idx,9220,AccessShareLock,t
1654126024.553427,lineitem_l_partkey_l_quantity_l_shipmode_idx,9320,RowExclusiveLock,t
1654126024.553427,lineitem_l_partkey_l_quantity_l_shipmode_idx,9313,AccessShareLock,t
1654126024.553427,lineitem_l_partkey_l_suppkey_l_shipdate_l_quantity_idx,9287,AccessShareLock,t
1654126024.553427,lineitem_l_partkey_l_suppkey_l_shipdate_l_quantity_idx,9320,RowExclusiveLock,t
1654126024.553427,lineitem_l_partkey_l_suppkey_l_shipdate_l_quantity_idx,9220,AccessShareLock,t
1654126024.553427,lineitem_l_partkey_l_suppkey_l_shipdate_l_quantity_idx,9313,AccessShareLock,t
1654126024.553427,lineitem_l_receiptdate_idx,9220,AccessShareLock,t
1654126024.553427,lineitem_l_receiptdate_idx,9313,AccessShareLock,t
1654126024.553427,lineitem_l_receiptdate_idx,9320,RowExclusiveLock,t
1654126024.553427,lineitem_l_receiptdate_idx,9287,AccessShareLock,t
1654126024.553427,lineitem_l_shipdate_idx,9320,RowExclusiveLock,t
1654126024.553427,lineitem_l_shipdate_idx,9220,AccessShareLock,t
1654126024.553427,lineitem_l_shipdate_idx,9313,AccessShareLock,t
1654126024.553427,lineitem_l_shipdate_idx,9287,AccessShareLock,t
1654126024.553427,nation,9222,AccessShareLock,t
1654126024.553427,nation,9313,AccessShareLock,t
1654126024.553427,nation,9220,AccessShareLock,t
1654126024.553427,nation,9221,AccessShareLock,t
1654126024.553427,nation,9315,AccessShareLock,t
1654126024.553427,nation,9314,AccessShareLock,t
1654126024.553427,orders,9289,AccessShareLock,t
1654126024.553427,orders,9220,AccessShareLock,t
1654126024.553427,orders,9287,AccessShareLock,t
1654126024.553427,orders,9313,AccessShareLock,t
1654126024.553427,orders,9222,AccessShareLock,t
1654126024.553427,orders,9314,AccessShareLock,t
1654126024.553427,orders,9315,AccessShareLock,t
1654126024.553427,orders,9221,AccessShareLock,t
1654126024.553427,orders,9288,AccessShareLock,t
1654126024.553427,orders_o_custkey_idx,9220,AccessShareLock,t
1654126024.553427,orders_o_custkey_idx,9313,AccessShareLock,t
1654126024.553427,orders_o_custkey_idx,9287,AccessShareLock,t
1654126024.553427,orders_o_orderdate_idx,9313,AccessShareLock,t
1654126024.553427,orders_o_orderdate_idx,9220,AccessShareLock,t
1654126024.553427,orders_o_orderdate_idx,9287,AccessShareLock,t
1654126024.553427,orders_o_orderkey_o_orderdate_idx,9313,AccessShareLock,t
1654126024.553427,orders_o_orderkey_o_orderdate_idx,9220,AccessShareLock,t
1654126024.553427,orders_o_orderkey_o_orderdate_idx,9287,AccessShareLock,t
1654126024.553427,pg_index,9328,AccessShareLock,t
1654126024.553427,pg_index_indexrelid_index,9328,AccessShareLock,t
1654126024.553427,pg_index_indrelid_index,9328,AccessShareLock,t
1654126024.553427,pg_namespace,9328,AccessShareLock,t
1654126024.553427,pg_namespace_nspname_index,9328,AccessShareLock,t
1654126024.553427,pg_namespace_oid_index,9328,AccessShareLock,t
1654126024.553427,pk_customer,9313,AccessShareLock,t
1654126024.553427,pk_customer,9287,AccessShareLock,t
1654126024.553427,pk_customer,9220,AccessShareLock,t
1654126024.553427,pk_lineitem,9220,AccessShareLock,t
1654126024.553427,pk_lineitem,9320,RowExclusiveLock,t
1654126024.553427,pk_lineitem,9287,AccessShareLock,t
1654126024.553427,pk_lineitem,9313,AccessShareLock,t
1654126024.553427,pk_nation,9220,AccessShareLock,t
1654126024.553427,pk_nation,9313,AccessShareLock,t
1654126024.553427,pk_orders,9287,AccessShareLock,t
1654126024.553427,pk_orders,9313,AccessShareLock,t
1654126024.553427,pk_orders,9220,AccessShareLock,t
1654126024.553427,pk_supplier,9313,AccessShareLock,t
1654126024.553427,supplier,9313,AccessShareLock,t
1654126024.553427,supplier,9315,AccessShareLock,t
1654126024.553427,supplier,9314,AccessShareLock,t
1654126024.553427,supplier_s_nationkey_s_suppkey_idx,9314,AccessShareLock,t
1654126024.553427,supplier_s_nationkey_s_suppkey_idx,9313,AccessShareLock,t
1654126024.553427,supplier_s_nationkey_s_suppkey_idx,9315,AccessShareLock,t
1654126024.553427,supplier_s_suppkey_idx_like,9313,AccessShareLock,t
1654126084.562286,customer,9288,AccessShareLock,t
1654126084.562286,customer,9287,AccessShareLock,t
1654126084.562286,customer,9289,AccessShareLock,t
1654126084.562286,customer_c_mktsegment_c_custkey_idx,9287,AccessShareLock,t
1654126084.562286,customer_c_nationkey_c_custkey_idx,9287,AccessShareLock,t
1654126084.562286,customer_c_phone_c_acctbal_c_custkey_idx,9287,AccessShareLock,t
1654126084.562286,customer_c_phone_idx_c_acctbal,9287,AccessShareLock,t
1654126084.562286,lineitem,9405,RowExclusiveLock,t
1654126084.562286,lineitem,9289,AccessShareLock,t
1654126084.562286,lineitem,9288,AccessShareLock,t
1654126084.562286,lineitem,9346,AccessShareLock,t
1654126084.562286,lineitem,9359,AccessShareLock,t
1654126084.562286,lineitem,9360,AccessShareLock,t
1654126084.562286,lineitem,9345,AccessShareLock,t
1654126084.562286,lineitem,9358,AccessShareLock,t
1654126084.562286,lineitem,9287,AccessShareLock,t
1654126084.562286,lineitem,9344,AccessShareLock,t
1654126084.562286,lineitem_l_orderkey_idx_l_returnflag,9358,AccessShareLock,t
1654126084.562286,lineitem_l_orderkey_idx_l_returnflag,9344,AccessShareLock,t
1654126084.562286,lineitem_l_orderkey_idx_l_returnflag,9405,RowExclusiveLock,t
1654126084.562286,lineitem_l_orderkey_idx_l_returnflag,9287,AccessShareLock,t
1654126084.562286,lineitem_l_orderkey_idx_part2,9405,RowExclusiveLock,t
1654126084.562286,lineitem_l_orderkey_idx_part2,9287,AccessShareLock,t
1654126084.562286,lineitem_l_orderkey_idx_part2,9344,AccessShareLock,t
1654126084.562286,lineitem_l_orderkey_idx_part2,9358,AccessShareLock,t
1654126084.562286,lineitem_l_orderkey_l_suppkey_idx,9405,RowExclusiveLock,t
1654126084.562286,lineitem_l_orderkey_l_suppkey_idx,9358,AccessShareLock,t
1654126084.562286,lineitem_l_orderkey_l_suppkey_idx,9287,AccessShareLock,t
1654126084.562286,lineitem_l_orderkey_l_suppkey_idx,9344,AccessShareLock,t
1654126084.562286,lineitem_l_orderkey_l_suppkey_l_quantity_idx,9287,AccessShareLock,t
1654126084.562286,lineitem_l_orderkey_l_suppkey_l_quantity_idx,9358,AccessShareLock,t
1654126084.562286,lineitem_l_orderkey_l_suppkey_l_quantity_idx,9289,AccessShareLock,t
1654126084.562286,lineitem_l_orderkey_l_suppkey_l_quantity_idx,9288,AccessShareLock,t
1654126084.562286,lineitem_l_orderkey_l_suppkey_l_quantity_idx,9344,AccessShareLock,t
1654126084.562286,lineitem_l_orderkey_l_suppkey_l_quantity_idx,9405,RowExclusiveLock,t
1654126084.562286,lineitem_l_partkey_l_quantity_l_shipmode_idx,9344,AccessShareLock,t
1654126084.562286,lineitem_l_partkey_l_quantity_l_shipmode_idx,9405,RowExclusiveLock,t
1654126084.562286,lineitem_l_partkey_l_quantity_l_shipmode_idx,9358,AccessShareLock,t
1654126084.562286,lineitem_l_partkey_l_quantity_l_shipmode_idx,9287,AccessShareLock,t
1654126084.562286,lineitem_l_partkey_l_suppkey_l_shipdate_l_quantity_idx,9344,AccessShareLock,t
1654126084.562286,lineitem_l_partkey_l_suppkey_l_shipdate_l_quantity_idx,9346,AccessShareLock,t
1654126084.562286,lineitem_l_partkey_l_suppkey_l_shipdate_l_quantity_idx,9345,AccessShareLock,t
1654126084.562286,lineitem_l_partkey_l_suppkey_l_shipdate_l_quantity_idx,9358,AccessShareLock,t
1654126084.562286,lineitem_l_partkey_l_suppkey_l_shipdate_l_quantity_idx,9287,AccessShareLock,t
1654126084.562286,lineitem_l_partkey_l_suppkey_l_shipdate_l_quantity_idx,9405,RowExclusiveLock,t
1654126084.562286,lineitem_l_receiptdate_idx,9358,AccessShareLock,t
1654126084.562286,lineitem_l_receiptdate_idx,9287,AccessShareLock,t
1654126084.562286,lineitem_l_receiptdate_idx,9405,RowExclusiveLock,t
1654126084.562286,lineitem_l_receiptdate_idx,9344,AccessShareLock,t
1654126084.562286,lineitem_l_shipdate_idx,9358,AccessShareLock,t
1654126084.562286,lineitem_l_shipdate_idx,9344,AccessShareLock,t
1654126084.562286,lineitem_l_shipdate_idx,9287,AccessShareLock,t
1654126084.562286,lineitem_l_shipdate_idx,9405,RowExclusiveLock,t
1654126084.562286,nation,9344,AccessShareLock,t
1654126084.562286,nation,9346,AccessShareLock,t
1654126084.562286,nation,9345,AccessShareLock,t
1654126084.562286,orders,9287,AccessShareLock,t
1654126084.562286,orders,9346,AccessShareLock,t
1654126084.562286,orders,9345,AccessShareLock,t
1654126084.562286,orders,9289,AccessShareLock,t
1654126084.562286,orders,9344,AccessShareLock,t
1654126084.562286,orders,9288,AccessShareLock,t
1654126084.562286,orders_o_custkey_idx,9287,AccessShareLock,t
1654126084.562286,orders_o_custkey_idx,9344,AccessShareLock,t
1654126084.562286,orders_o_orderdate_idx,9344,AccessShareLock,t
1654126084.562286,orders_o_orderdate_idx,9287,AccessShareLock,t
1654126084.562286,orders_o_orderkey_o_orderdate_idx,9346,AccessShareLock,t
1654126084.562286,orders_o_orderkey_o_orderdate_idx,9344,AccessShareLock,t
1654126084.562286,orders_o_orderkey_o_orderdate_idx,9287,AccessShareLock,t
1654126084.562286,orders_o_orderkey_o_orderdate_idx,9345,AccessShareLock,t
1654126084.562286,part,9346,AccessShareLock,t
1654126084.562286,part,9345,AccessShareLock,t
1654126084.562286,part,9344,AccessShareLock,t
1654126084.562286,part_ios_test1,9344,AccessShareLock,t
1654126084.562286,part_p_container_p_brand_p_partkey_idx,9344,AccessShareLock,t
1654126084.562286,part_p_size_idx,9344,AccessShareLock,t
1654126084.562286,part_p_type_p_partkey_idx,9344,AccessShareLock,t
1654126084.562286,partsupp,9346,AccessShareLock,t
1654126084.562286,partsupp,9345,AccessShareLock,t
1654126084.562286,partsupp,9344,AccessShareLock,t
1654126084.562286,partsupp_ps_suppkey_idx,9344,AccessShareLock,t
1654126084.562286,pk_customer,9287,AccessShareLock,t
1654126084.562286,pk_lineitem,9344,AccessShareLock,t
1654126084.562286,pk_lineitem,9358,AccessShareLock,t
1654126084.562286,pk_lineitem,9287,AccessShareLock,t
1654126084.562286,pk_lineitem,9405,RowExclusiveLock,t
1654126084.562286,pk_nation,9344,AccessShareLock,t
1654126084.562286,pk_orders,9287,AccessShareLock,t
1654126084.562286,pk_orders,9344,AccessShareLock,t
1654126084.562286,pk_part,9344,AccessShareLock,t
1654126084.562286,pk_partsupp,9344,AccessShareLock,t
1654126084.562286,pk_supplier,9344,AccessShareLock,t
1654126084.562286,supplier,9345,AccessShareLock,t
1654126084.562286,supplier,9346,AccessShareLock,t
1654126084.562286,supplier,9344,AccessShareLock,t
1654126084.562286,supplier_s_nationkey_s_suppkey_idx,9344,AccessShareLock,t
1654126084.562286,supplier_s_nationkey_s_suppkey_idx,9346,AccessShareLock,t
1654126084.562286,supplier_s_nationkey_s_suppkey_idx,9345,AccessShareLock,t
1654126084.562286,supplier_s_suppkey_idx_like,9344,AccessShareLock,t
1654126144.564995,customer,9553,AccessShareLock,t
1654126144.564995,customer,9526,AccessShareLock,t
1654126144.564995,customer,9525,AccessShareLock,t
1654126144.564995,customer,9552,AccessShareLock,t
1654126144.564995,customer,9481,AccessShareLock,t
1654126144.564995,customer,9554,AccessShareLock,t
1654126144.564995,customer,9482,AccessShareLock,t
1654126144.564995,customer,9483,AccessShareLock,t
1654126144.564995,customer_c_mktsegment_c_custkey_idx,9552,AccessShareLock,t
1654126144.564995,customer_c_mktsegment_c_custkey_idx,9525,AccessShareLock,t
1654126144.564995,customer_c_mktsegment_c_custkey_idx,9481,AccessShareLock,t
1654126144.564995,customer_c_nationkey_c_custkey_idx,9526,AccessShareLock,t
1654126144.564995,customer_c_nationkey_c_custkey_idx,9481,AccessShareLock,t
1654126144.564995,customer_c_nationkey_c_custkey_idx,9552,AccessShareLock,t
1654126144.564995,customer_c_nationkey_c_custkey_idx,9525,AccessShareLock,t
1654126144.564995,customer_c_nationkey_c_custkey_idx,9553,AccessShareLock,t
1654126144.564995,customer_c_nationkey_c_custkey_idx,9554,AccessShareLock,t
1654126144.564995,customer_c_phone_c_acctbal_c_custkey_idx,9481,AccessShareLock,t
1654126144.564995,customer_c_phone_c_acctbal_c_custkey_idx,9525,AccessShareLock,t
1654126144.564995,customer_c_phone_c_acctbal_c_custkey_idx,9552,AccessShareLock,t
1654126144.564995,customer_c_phone_idx_c_acctbal,9525,AccessShareLock,t
1654126144.564995,customer_c_phone_idx_c_acctbal,9481,AccessShareLock,t
1654126144.564995,customer_c_phone_idx_c_acctbal,9552,AccessShareLock,t
1654126144.564995,lineitem,9483,AccessShareLock,t
1654126144.564995,lineitem,9553,AccessShareLock,t
1654126144.564995,lineitem,9482,AccessShareLock,t
1654126144.564995,lineitem,9554,AccessShareLock,t
1654126144.564995,lineitem,9526,AccessShareLock,t
1654126144.564995,lineitem,9481,AccessShareLock,t
1654126144.564995,lineitem,9525,AccessShareLock,t
1654126144.564995,lineitem,9552,AccessShareLock,t
1654126144.564995,lineitem_l_orderkey_idx_l_returnflag,9481,AccessShareLock,t
1654126144.564995,lineitem_l_orderkey_idx_l_returnflag,9525,AccessShareLock,t
1654126144.564995,lineitem_l_orderkey_idx_l_returnflag,9552,AccessShareLock,t
1654126144.564995,lineitem_l_orderkey_idx_part2,9552,AccessShareLock,t
1654126144.564995,lineitem_l_orderkey_idx_part2,9525,AccessShareLock,t
1654126144.564995,lineitem_l_orderkey_idx_part2,9481,AccessShareLock,t
1654126144.564995,lineitem_l_orderkey_l_suppkey_idx,9552,AccessShareLock,t
1654126144.564995,lineitem_l_orderkey_l_suppkey_idx,9525,AccessShareLock,t
1654126144.564995,lineitem_l_orderkey_l_suppkey_idx,9481,AccessShareLock,t
1654126144.564995,lineitem_l_orderkey_l_suppkey_l_quantity_idx,9482,AccessShareLock,t
1654126144.564995,lineitem_l_orderkey_l_suppkey_l_quantity_idx,9552,AccessShareLock,t
1654126144.564995,lineitem_l_orderkey_l_suppkey_l_quantity_idx,9481,AccessShareLock,t
1654126144.564995,lineitem_l_orderkey_l_suppkey_l_quantity_idx,9525,AccessShareLock,t
1654126144.564995,lineitem_l_orderkey_l_suppkey_l_quantity_idx,9483,AccessShareLock,t
1654126144.564995,lineitem_l_partkey_l_quantity_l_shipmode_idx,9525,AccessShareLock,t
1654126144.564995,lineitem_l_partkey_l_quantity_l_shipmode_idx,9481,AccessShareLock,t
1654126144.564995,lineitem_l_partkey_l_quantity_l_shipmode_idx,9552,AccessShareLock,t
1654126144.564995,lineitem_l_partkey_l_suppkey_l_shipdate_l_quantity_idx,9552,AccessShareLock,t
1654126144.564995,lineitem_l_partkey_l_suppkey_l_shipdate_l_quantity_idx,9525,AccessShareLock,t
1654126144.564995,lineitem_l_partkey_l_suppkey_l_shipdate_l_quantity_idx,9481,AccessShareLock,t
1654126144.564995,lineitem_l_receiptdate_idx,9481,AccessShareLock,t
1654126144.564995,lineitem_l_receiptdate_idx,9552,AccessShareLock,t
1654126144.564995,lineitem_l_receiptdate_idx,9525,AccessShareLock,t
1654126144.564995,lineitem_l_shipdate_idx,9552,AccessShareLock,t
1654126144.564995,lineitem_l_shipdate_idx,9481,AccessShareLock,t
1654126144.564995,lineitem_l_shipdate_idx,9525,AccessShareLock,t
1654126144.564995,nation,9553,AccessShareLock,t
1654126144.564995,nation,9554,AccessShareLock,t
1654126144.564995,nation,9526,AccessShareLock,t
1654126144.564995,nation,9525,AccessShareLock,t
1654126144.564995,nation,9552,AccessShareLock,t
1654126144.564995,orders,9553,AccessShareLock,t
1654126144.564995,orders,9525,AccessShareLock,t
1654126144.564995,orders,9552,AccessShareLock,t
1654126144.564995,orders,9483,AccessShareLock,t
1654126144.564995,orders,9482,AccessShareLock,t
1654126144.564995,orders,9554,AccessShareLock,t
1654126144.564995,orders,9526,AccessShareLock,t
1654126144.564995,orders,9481,AccessShareLock,t
1654126144.564995,orders_o_custkey_idx,9525,AccessShareLock,t
1654126144.564995,orders_o_custkey_idx,9481,AccessShareLock,t
1654126144.564995,orders_o_custkey_idx,9552,AccessShareLock,t
1654126144.564995,orders_o_orderdate_idx,9481,AccessShareLock,t
1654126144.564995,orders_o_orderdate_idx,9525,AccessShareLock,t
1654126144.564995,orders_o_orderdate_idx,9552,AccessShareLock,t
1654126144.564995,orders_o_orderkey_o_orderdate_idx,9525,AccessShareLock,t
1654126144.564995,orders_o_orderkey_o_orderdate_idx,9552,AccessShareLock,t
1654126144.564995,orders_o_orderkey_o_orderdate_idx,9481,AccessShareLock,t
1654126144.564995,pk_customer,9552,AccessShareLock,t
1654126144.564995,pk_customer,9481,AccessShareLock,t
1654126144.564995,pk_customer,9525,AccessShareLock,t
1654126144.564995,pk_lineitem,9525,AccessShareLock,t
1654126144.564995,pk_lineitem,9552,AccessShareLock,t
1654126144.564995,pk_lineitem,9481,AccessShareLock,t
1654126144.564995,pk_nation,9525,AccessShareLock,t
1654126144.564995,pk_nation,9552,AccessShareLock,t
1654126144.564995,pk_orders,9552,AccessShareLock,t
1654126144.564995,pk_orders,9525,AccessShareLock,t
1654126144.564995,pk_orders,9481,AccessShareLock,t
1654126144.564995,pk_region,9552,AccessShareLock,t
1654126144.564995,pk_supplier,9552,AccessShareLock,t
1654126144.564995,pk_supplier,9525,AccessShareLock,t
1654126144.564995,region,9552,AccessShareLock,t
1654126144.564995,region,9554,AccessShareLock,t
1654126144.564995,region,9553,AccessShareLock,t
1654126144.564995,supplier,9554,AccessShareLock,t
1654126144.564995,supplier,9553,AccessShareLock,t
1654126144.564995,supplier,9526,AccessShareLock,t
1654126144.564995,supplier,9525,AccessShareLock,t
1654126144.564995,supplier,9552,AccessShareLock,t
1654126144.564995,supplier_s_nationkey_s_suppkey_idx,9525,AccessShareLock,t
1654126144.564995,supplier_s_nationkey_s_suppkey_idx,9526,AccessShareLock,t
1654126144.564995,supplier_s_nationkey_s_suppkey_idx,9554,AccessShareLock,t
1654126144.564995,supplier_s_nationkey_s_suppkey_idx,9553,AccessShareLock,t
1654126144.564995,supplier_s_nationkey_s_suppkey_idx,9552,AccessShareLock,t
1654126144.564995,supplier_s_suppkey_idx_like,9552,AccessShareLock,t
1654126144.564995,supplier_s_suppkey_idx_like,9525,AccessShareLock,t
1654126204.593128,customer,9705,AccessShareLock,t
1654126204.593128,customer,9704,AccessShareLock,t
1654126204.593128,customer,9703,AccessShareLock,t
1654126204.593128,customer_c_mktsegment_c_custkey_idx,9703,AccessShareLock,t
1654126204.593128,customer_c_nationkey_c_custkey_idx,9705,AccessShareLock,t
1654126204.593128,customer_c_nationkey_c_custkey_idx,9704,AccessShareLock,t
1654126204.593128,customer_c_nationkey_c_custkey_idx,9703,AccessShareLock,t
1654126204.593128,customer_c_phone_c_acctbal_c_custkey_idx,9703,AccessShareLock,t
1654126204.593128,customer_c_phone_idx_c_acctbal,9703,AccessShareLock,t
1654126204.593128,lineitem,9702,AccessShareLock,t
1654126204.593128,lineitem,9733,AccessShareLock,t
1654126204.593128,lineitem,9703,AccessShareLock,t
1654126204.593128,lineitem,9734,AccessShareLock,t
1654126204.593128,lineitem,9704,AccessShareLock,t
1654126204.593128,lineitem,9707,AccessShareLock,t
1654126204.593128,lineitem,9706,AccessShareLock,t
1654126204.593128,lineitem,9705,AccessShareLock,t
1654126204.593128,lineitem,9735,AccessShareLock,t
1654126204.593128,lineitem_l_orderkey_idx_l_returnflag,9703,AccessShareLock,t
1654126204.593128,lineitem_l_orderkey_idx_l_returnflag,9733,AccessShareLock,t
1654126204.593128,lineitem_l_orderkey_idx_l_returnflag,9702,AccessShareLock,t
1654126204.593128,lineitem_l_orderkey_idx_part2,9702,AccessShareLock,t
1654126204.593128,lineitem_l_orderkey_idx_part2,9733,AccessShareLock,t
1654126204.593128,lineitem_l_orderkey_idx_part2,9703,AccessShareLock,t
1654126204.593128,lineitem_l_orderkey_l_suppkey_idx,9733,AccessShareLock,t
1654126204.593128,lineitem_l_orderkey_l_suppkey_idx,9702,AccessShareLock,t
1654126204.593128,lineitem_l_orderkey_l_suppkey_idx,9703,AccessShareLock,t
1654126204.593128,lineitem_l_orderkey_l_suppkey_l_quantity_idx,9703,AccessShareLock,t
1654126204.593128,lineitem_l_orderkey_l_suppkey_l_quantity_idx,9702,AccessShareLock,t
1654126204.593128,lineitem_l_orderkey_l_suppkey_l_quantity_idx,9733,AccessShareLock,t
1654126204.593128,lineitem_l_partkey_l_quantity_l_shipmode_idx,9733,AccessShareLock,t
1654126204.593128,lineitem_l_partkey_l_quantity_l_shipmode_idx,9702,AccessShareLock,t
1654126204.593128,lineitem_l_partkey_l_quantity_l_shipmode_idx,9703,AccessShareLock,t
1654126204.593128,lineitem_l_partkey_l_suppkey_l_shipdate_l_quantity_idx,9706,AccessShareLock,t
1654126204.593128,lineitem_l_partkey_l_suppkey_l_shipdate_l_quantity_idx,9702,AccessShareLock,t
1654126204.593128,lineitem_l_partkey_l_suppkey_l_shipdate_l_quantity_idx,9707,AccessShareLock,t
1654126204.593128,lineitem_l_partkey_l_suppkey_l_shipdate_l_quantity_idx,9703,AccessShareLock,t
1654126204.593128,lineitem_l_partkey_l_suppkey_l_shipdate_l_quantity_idx,9733,AccessShareLock,t
1654126204.593128,lineitem_l_receiptdate_idx,9733,AccessShareLock,t
1654126204.593128,lineitem_l_receiptdate_idx,9703,AccessShareLock,t
1654126204.593128,lineitem_l_receiptdate_idx,9702,AccessShareLock,t
1654126204.593128,lineitem_l_shipdate_idx,9733,AccessShareLock,t
1654126204.593128,lineitem_l_shipdate_idx,9702,AccessShareLock,t
1654126204.593128,lineitem_l_shipdate_idx,9703,AccessShareLock,t
1654126204.593128,nation,9707,AccessShareLock,t
1654126204.593128,nation,9704,AccessShareLock,t
1654126204.593128,nation,9703,AccessShareLock,t
1654126204.593128,nation,9702,AccessShareLock,t
1654126204.593128,nation,9705,AccessShareLock,t
1654126204.593128,nation,9706,AccessShareLock,t
1654126204.593128,orders,9704,AccessShareLock,t
1654126204.593128,orders,9703,AccessShareLock,t
1654126204.593128,orders,9707,AccessShareLock,t
1654126204.593128,orders,9702,AccessShareLock,t
1654126204.593128,orders,9705,AccessShareLock,t
1654126204.593128,orders,9706,AccessShareLock,t
1654126204.593128,orders_o_custkey_idx,9702,AccessShareLock,t
1654126204.593128,orders_o_custkey_idx,9703,AccessShareLock,t
1654126204.593128,orders_o_orderdate_idx,9703,AccessShareLock,t
1654126204.593128,orders_o_orderdate_idx,9702,AccessShareLock,t
1654126204.593128,orders_o_orderkey_o_orderdate_idx,9707,AccessShareLock,t
1654126204.593128,orders_o_orderkey_o_orderdate_idx,9703,AccessShareLock,t
1654126204.593128,orders_o_orderkey_o_orderdate_idx,9702,AccessShareLock,t
1654126204.593128,orders_o_orderkey_o_orderdate_idx,9706,AccessShareLock,t
1654126204.593128,part,9707,AccessShareLock,t
1654126204.593128,part,9706,AccessShareLock,t
1654126204.593128,part,9702,AccessShareLock,t
1654126204.593128,part_ios_test1,9702,AccessShareLock,t
1654126204.593128,part_p_container_p_brand_p_partkey_idx,9702,AccessShareLock,t
1654126204.593128,part_p_size_idx,9702,AccessShareLock,t
1654126204.593128,part_p_type_p_partkey_idx,9702,AccessShareLock,t
1654126204.593128,partsupp,9702,AccessShareLock,t
1654126204.593128,partsupp,9706,AccessShareLock,t
1654126204.593128,partsupp,9707,AccessShareLock,t
1654126204.593128,partsupp_ps_suppkey_idx,9702,AccessShareLock,t
1654126204.593128,pg_index,9743,AccessShareLock,t
1654126204.593128,pg_index_indexrelid_index,9743,AccessShareLock,t
1654126204.593128,pg_index_indrelid_index,9743,AccessShareLock,t
1654126204.593128,pg_namespace,9743,AccessShareLock,t
1654126204.593128,pg_namespace_nspname_index,9743,AccessShareLock,t
1654126204.593128,pg_namespace_oid_index,9743,AccessShareLock,t
1654126204.593128,pk_customer,9703,AccessShareLock,t
1654126204.593128,pk_lineitem,9733,AccessShareLock,t
1654126204.593128,pk_lineitem,9703,AccessShareLock,t
1654126204.593128,pk_lineitem,9702,AccessShareLock,t
1654126204.593128,pk_nation,9702,AccessShareLock,t
1654126204.593128,pk_nation,9703,AccessShareLock,t
1654126204.593128,pk_orders,9703,AccessShareLock,t
1654126204.593128,pk_orders,9702,AccessShareLock,t
1654126204.593128,pk_part,9702,AccessShareLock,t
1654126204.593128,pk_partsupp,9702,AccessShareLock,t
1654126204.593128,pk_supplier,9703,AccessShareLock,t
1654126204.593128,pk_supplier,9702,AccessShareLock,t
1654126204.593128,pk_supplier,9733,AccessShareLock,t
1654126204.593128,supplier,9705,AccessShareLock,t
1654126204.593128,supplier,9702,AccessShareLock,t
1654126204.593128,supplier,9733,AccessShareLock,t
1654126204.593128,supplier,9704,AccessShareLock,t
1654126204.593128,supplier,9703,AccessShareLock,t
1654126204.593128,supplier,9707,AccessShareLock,t
1654126204.593128,supplier,9706,AccessShareLock,t
1654126204.593128,supplier_s_nationkey_s_suppkey_idx,9705,AccessShareLock,t
1654126204.593128,supplier_s_nationkey_s_suppkey_idx,9733,AccessShareLock,t
1654126204.593128,supplier_s_nationkey_s_suppkey_idx,9703,AccessShareLock,t
1654126204.593128,supplier_s_nationkey_s_suppkey_idx,9704,AccessShareLock,t
1654126204.593128,supplier_s_nationkey_s_suppkey_idx,9706,AccessShareLock,t
1654126204.593128,supplier_s_nationkey_s_suppkey_idx,9702,AccessShareLock,t
1654126204.593128,supplier_s_nationkey_s_suppkey_idx,9707,AccessShareLock,t
1654126204.593128,supplier_s_suppkey_idx_like,9733,AccessShareLock,t
1654126204.593128,supplier_s_suppkey_idx_like,9702,AccessShareLock,t
1654126204.593128,supplier_s_suppkey_idx_like,9703,AccessShareLock,t
1654126264.606761,customer,9776,AccessShareLock,t
1654126264.606761,customer,9760,AccessShareLock,t
1654126264.606761,customer,9775,AccessShareLock,t
1654126264.606761,customer,9777,AccessShareLock,t
1654126264.606761,customer,9762,AccessShareLock,t
1654126264.606761,customer,9761,AccessShareLock,t
1654126264.606761,customer_c_mktsegment_c_custkey_idx,9760,AccessShareLock,t
1654126264.606761,customer_c_mktsegment_c_custkey_idx,9775,AccessShareLock,t
1654126264.606761,customer_c_nationkey_c_custkey_idx,9775,AccessShareLock,t
1654126264.606761,customer_c_nationkey_c_custkey_idx,9760,AccessShareLock,t
1654126264.606761,customer_c_phone_c_acctbal_c_custkey_idx,9775,AccessShareLock,t
1654126264.606761,customer_c_phone_c_acctbal_c_custkey_idx,9760,AccessShareLock,t
1654126264.606761,customer_c_phone_idx_c_acctbal,9775,AccessShareLock,t
1654126264.606761,customer_c_phone_idx_c_acctbal,9760,AccessShareLock,t
1654126264.606761,lineitem,9804,AccessShareLock,t
1654126264.606761,lineitem,9807,AccessShareLock,t
1654126264.606761,lineitem,9805,AccessShareLock,t
1654126264.606761,lineitem,9806,AccessShareLock,t
1654126264.606761,lineitem_l_orderkey_idx_l_returnflag,9804,AccessShareLock,t
1654126264.606761,lineitem_l_orderkey_idx_part2,9804,AccessShareLock,t
1654126264.606761,lineitem_l_orderkey_l_suppkey_idx,9804,AccessShareLock,t
1654126264.606761,lineitem_l_orderkey_l_suppkey_l_quantity_idx,9804,AccessShareLock,t
1654126264.606761,lineitem_l_partkey_l_quantity_l_shipmode_idx,9804,AccessShareLock,t
1654126264.606761,lineitem_l_partkey_l_suppkey_l_shipdate_l_quantity_idx,9804,AccessShareLock,t
1654126264.606761,lineitem_l_receiptdate_idx,9804,AccessShareLock,t
1654126264.606761,lineitem_l_shipdate_idx,9804,AccessShareLock,t
1654126264.606761,orders,9761,AccessShareLock,t
1654126264.606761,orders,9776,AccessShareLock,t
1654126264.606761,orders,9760,AccessShareLock,t
1654126264.606761,orders,9775,AccessShareLock,t
1654126264.606761,orders,9777,AccessShareLock,t
1654126264.606761,orders,9762,AccessShareLock,t
1654126264.606761,orders_o_custkey_idx,9762,AccessShareLock,t
1654126264.606761,orders_o_custkey_idx,9777,AccessShareLock,t
1654126264.606761,orders_o_custkey_idx,9775,AccessShareLock,t
1654126264.606761,orders_o_custkey_idx,9760,AccessShareLock,t
1654126264.606761,orders_o_custkey_idx,9776,AccessShareLock,t
1654126264.606761,orders_o_custkey_idx,9761,AccessShareLock,t
1654126264.606761,orders_o_orderdate_idx,9760,AccessShareLock,t
1654126264.606761,orders_o_orderdate_idx,9775,AccessShareLock,t
1654126264.606761,orders_o_orderkey_o_orderdate_idx,9775,AccessShareLock,t
1654126264.606761,orders_o_orderkey_o_orderdate_idx,9760,AccessShareLock,t
1654126264.606761,pk_customer,9775,AccessShareLock,t
1654126264.606761,pk_customer,9760,AccessShareLock,t
1654126264.606761,pk_customer,9777,AccessShareLock,t
1654126264.606761,pk_customer,9776,AccessShareLock,t
1654126264.606761,pk_customer,9761,AccessShareLock,t
1654126264.606761,pk_customer,9762,AccessShareLock,t
1654126264.606761,pk_lineitem,9804,AccessShareLock,t
1654126264.606761,pk_orders,9760,AccessShareLock,t
1654126264.606761,pk_orders,9775,AccessShareLock,t
1654126264.606761,pk_supplier,9804,AccessShareLock,t
1654126264.606761,supplier,9804,AccessShareLock,t
1654126264.606761,supplier_s_nationkey_s_suppkey_idx,9804,AccessShareLock,t
1654126264.606761,supplier_s_suppkey_idx_like,9804,AccessShareLock,t
1654126324.622046,customer,9831,AccessShareLock,t
1654126324.622046,customer,9940,AccessShareLock,t
1654126324.622046,customer,9941,AccessShareLock,t
1654126324.622046,customer,9832,AccessShareLock,t
1654126324.622046,customer,9939,AccessShareLock,t
1654126324.622046,customer,9833,AccessShareLock,t
1654126324.622046,customer_c_mktsegment_c_custkey_idx,9831,AccessShareLock,t
1654126324.622046,customer_c_mktsegment_c_custkey_idx,9939,AccessShareLock,t
1654126324.622046,customer_c_nationkey_c_custkey_idx,9939,AccessShareLock,t
1654126324.622046,customer_c_nationkey_c_custkey_idx,9831,AccessShareLock,t
1654126324.622046,customer_c_phone_c_acctbal_c_custkey_idx,9831,AccessShareLock,t
1654126324.622046,customer_c_phone_c_acctbal_c_custkey_idx,9939,AccessShareLock,t
1654126324.622046,customer_c_phone_idx_c_acctbal,9939,AccessShareLock,t
1654126324.622046,customer_c_phone_idx_c_acctbal,9831,AccessShareLock,t
1654126324.622046,lineitem,9831,AccessShareLock,t
1654126324.622046,lineitem,9833,AccessShareLock,t
1654126324.622046,lineitem,9832,AccessShareLock,t
1654126324.622046,lineitem_l_orderkey_idx_l_returnflag,9831,AccessShareLock,t
1654126324.622046,lineitem_l_orderkey_idx_part2,9831,AccessShareLock,t
1654126324.622046,lineitem_l_orderkey_l_suppkey_idx,9831,AccessShareLock,t
1654126324.622046,lineitem_l_orderkey_l_suppkey_l_quantity_idx,9831,AccessShareLock,t
1654126324.622046,lineitem_l_orderkey_l_suppkey_l_quantity_idx,9833,AccessShareLock,t
1654126324.622046,lineitem_l_orderkey_l_suppkey_l_quantity_idx,9832,AccessShareLock,t
1654126324.622046,lineitem_l_partkey_l_quantity_l_shipmode_idx,9831,AccessShareLock,t
1654126324.622046,lineitem_l_partkey_l_suppkey_l_shipdate_l_quantity_idx,9831,AccessShareLock,t
1654126324.622046,lineitem_l_receiptdate_idx,9831,AccessShareLock,t
1654126324.622046,lineitem_l_shipdate_idx,9831,AccessShareLock,t
1654126324.622046,nation,9913,AccessShareLock,t
1654126324.622046,orders,9940,AccessShareLock,t
1654126324.622046,orders,9833,AccessShareLock,t
1654126324.622046,orders,9832,AccessShareLock,t
1654126324.622046,orders,9941,AccessShareLock,t
1654126324.622046,orders,9939,AccessShareLock,t
1654126324.622046,orders,9831,AccessShareLock,t
1654126324.622046,orders_o_custkey_idx,9939,AccessShareLock,t
1654126324.622046,orders_o_custkey_idx,9941,AccessShareLock,t
1654126324.622046,orders_o_custkey_idx,9831,AccessShareLock,t
1654126324.622046,orders_o_custkey_idx,9940,AccessShareLock,t
1654126324.622046,orders_o_orderdate_idx,9831,AccessShareLock,t
1654126324.622046,orders_o_orderdate_idx,9939,AccessShareLock,t
1654126324.622046,orders_o_orderkey_o_orderdate_idx,9831,AccessShareLock,t
1654126324.622046,orders_o_orderkey_o_orderdate_idx,9939,AccessShareLock,t
1654126324.622046,part,9913,AccessShareLock,t
1654126324.622046,part_ios_test1,9913,AccessShareLock,t
1654126324.622046,part_p_container_p_brand_p_partkey_idx,9913,AccessShareLock,t
1654126324.622046,part_p_size_idx,9913,AccessShareLock,t
1654126324.622046,part_p_type_p_partkey_idx,9913,AccessShareLock,t
1654126324.622046,partsupp,9913,AccessShareLock,t
1654126324.622046,partsupp_ps_suppkey_idx,9913,AccessShareLock,t
1654126324.622046,pg_index,9950,AccessShareLock,t
1654126324.622046,pg_index,9949,AccessShareLock,t
1654126324.622046,pg_index_indexrelid_index,9950,AccessShareLock,t
1654126324.622046,pg_index_indrelid_index,9950,AccessShareLock,t
1654126324.622046,pg_namespace,9950,AccessShareLock,t
1654126324.622046,pg_statistic_ext,9950,AccessShareLock,t
1654126324.622046,pg_statistic_ext_relid_index,9950,AccessShareLock,t
1654126324.622046,pk_customer,9831,AccessShareLock,t
1654126324.622046,pk_customer,9941,AccessShareLock,t
1654126324.622046,pk_customer,9940,AccessShareLock,t
1654126324.622046,pk_customer,9939,AccessShareLock,t
1654126324.622046,pk_lineitem,9831,AccessShareLock,t
1654126324.622046,pk_nation,9913,AccessShareLock,t
1654126324.622046,pk_orders,9939,AccessShareLock,t
1654126324.622046,pk_orders,9831,AccessShareLock,t
1654126324.622046,pk_part,9913,AccessShareLock,t
1654126324.622046,pk_partsupp,9913,AccessShareLock,t
1654126324.622046,pk_region,9913,AccessShareLock,t
1654126324.622046,pk_supplier,9913,AccessShareLock,t
1654126324.622046,region,9913,AccessShareLock,t
1654126324.622046,supplier,9913,AccessShareLock,t
1654126324.622046,supplier_s_nationkey_s_suppkey_idx,9913,AccessShareLock,t
1654126324.622046,supplier_s_suppkey_idx_like,9913,AccessShareLock,t
1654126384.649156,customer,9941,AccessShareLock,t
1654126384.649156,customer,9940,AccessShareLock,t
1654126384.649156,customer,9939,AccessShareLock,t
1654126384.649156,customer_c_mktsegment_c_custkey_idx,9939,AccessShareLock,t
1654126384.649156,customer_c_nationkey_c_custkey_idx,9939,AccessShareLock,t
1654126384.649156,customer_c_phone_c_acctbal_c_custkey_idx,9939,AccessShareLock,t
1654126384.649156,customer_c_phone_idx_c_acctbal,9939,AccessShareLock,t
1654126384.649156,lineitem,9979,AccessShareLock,t
1654126384.649156,lineitem,10022,AccessShareLock,t
1654126384.649156,lineitem,9980,AccessShareLock,t
1654126384.649156,lineitem,9981,AccessShareLock,t
1654126384.649156,lineitem,10023,AccessShareLock,t
1654126384.649156,lineitem,10021,AccessShareLock,t
1654126384.649156,lineitem_l_orderkey_idx_l_returnflag,9979,AccessShareLock,t
1654126384.649156,lineitem_l_orderkey_idx_l_returnflag,10021,AccessShareLock,t
1654126384.649156,lineitem_l_orderkey_idx_part2,9979,AccessShareLock,t
1654126384.649156,lineitem_l_orderkey_idx_part2,10021,AccessShareLock,t
1654126384.649156,lineitem_l_orderkey_l_suppkey_idx,9979,AccessShareLock,t
1654126384.649156,lineitem_l_orderkey_l_suppkey_idx,10021,AccessShareLock,t
1654126384.649156,lineitem_l_orderkey_l_suppkey_l_quantity_idx,9979,AccessShareLock,t
1654126384.649156,lineitem_l_orderkey_l_suppkey_l_quantity_idx,10021,AccessShareLock,t
1654126384.649156,lineitem_l_partkey_l_quantity_l_shipmode_idx,9979,AccessShareLock,t
1654126384.649156,lineitem_l_partkey_l_quantity_l_shipmode_idx,10021,AccessShareLock,t
1654126384.649156,lineitem_l_partkey_l_suppkey_l_shipdate_l_quantity_idx,9979,AccessShareLock,t
1654126384.649156,lineitem_l_partkey_l_suppkey_l_shipdate_l_quantity_idx,10023,AccessShareLock,t
1654126384.649156,lineitem_l_partkey_l_suppkey_l_shipdate_l_quantity_idx,10022,AccessShareLock,t
1654126384.649156,lineitem_l_partkey_l_suppkey_l_shipdate_l_quantity_idx,10021,AccessShareLock,t
1654126384.649156,lineitem_l_receiptdate_idx,10021,AccessShareLock,t
1654126384.649156,lineitem_l_receiptdate_idx,9979,AccessShareLock,t
1654126384.649156,lineitem_l_shipdate_idx,10021,AccessShareLock,t
1654126384.649156,lineitem_l_shipdate_idx,9979,AccessShareLock,t
1654126384.649156,nation,10021,AccessShareLock,t
1654126384.649156,nation,10022,AccessShareLock,t
1654126384.649156,nation,10023,AccessShareLock,t
1654126384.649156,orders,10023,AccessShareLock,t
1654126384.649156,orders,9941,AccessShareLock,t
1654126384.649156,orders,10021,AccessShareLock,t
1654126384.649156,orders,9939,AccessShareLock,t
1654126384.649156,orders,9940,AccessShareLock,t
1654126384.649156,orders,10022,AccessShareLock,t
1654126384.649156,orders_o_custkey_idx,9939,AccessShareLock,t
1654126384.649156,orders_o_custkey_idx,9940,AccessShareLock,t
1654126384.649156,orders_o_custkey_idx,9941,AccessShareLock,t
1654126384.649156,orders_o_custkey_idx,10021,AccessShareLock,t
1654126384.649156,orders_o_orderdate_idx,9939,AccessShareLock,t
1654126384.649156,orders_o_orderdate_idx,10021,AccessShareLock,t
1654126384.649156,orders_o_orderkey_o_orderdate_idx,10023,AccessShareLock,t
1654126384.649156,orders_o_orderkey_o_orderdate_idx,10021,AccessShareLock,t
1654126384.649156,orders_o_orderkey_o_orderdate_idx,10022,AccessShareLock,t
1654126384.649156,orders_o_orderkey_o_orderdate_idx,9939,AccessShareLock,t
1654126384.649156,part,10022,AccessShareLock,t
1654126384.649156,part,10023,AccessShareLock,t
1654126384.649156,part,10021,AccessShareLock,t
1654126384.649156,part_ios_test1,10021,AccessShareLock,t
1654126384.649156,part_p_container_p_brand_p_partkey_idx,10021,AccessShareLock,t
1654126384.649156,part_p_size_idx,10021,AccessShareLock,t
1654126384.649156,part_p_type_p_partkey_idx,10021,AccessShareLock,t
1654126384.649156,partsupp,10021,AccessShareLock,t
1654126384.649156,partsupp,10022,AccessShareLock,t
1654126384.649156,partsupp,10023,AccessShareLock,t
1654126384.649156,partsupp_ps_suppkey_idx,10021,AccessShareLock,t
1654126384.649156,pg_index,10032,AccessShareLock,t
1654126384.649156,pg_index_indexrelid_index,10032,AccessShareLock,t
1654126384.649156,pg_index_indrelid_index,10032,AccessShareLock,t
1654126384.649156,pg_namespace,10032,AccessShareLock,t
1654126384.649156,pg_namespace_nspname_index,10032,AccessShareLock,t
1654126384.649156,pg_namespace_oid_index,10032,AccessShareLock,t
1654126384.649156,pg_rewrite,10036,AccessShareLock,t
1654126384.649156,pg_rewrite_rel_rulename_index,10036,AccessShareLock,t
1654126384.649156,pk_customer,9940,AccessShareLock,t
1654126384.649156,pk_customer,9941,AccessShareLock,t
1654126384.649156,pk_customer,9939,AccessShareLock,t
1654126384.649156,pk_lineitem,9979,AccessShareLock,t
1654126384.649156,pk_lineitem,10021,AccessShareLock,t
1654126384.649156,pk_nation,10021,AccessShareLock,t
1654126384.649156,pk_orders,9939,AccessShareLock,t
1654126384.649156,pk_orders,10021,AccessShareLock,t
1654126384.649156,pk_part,10021,AccessShareLock,t
1654126384.649156,pk_partsupp,10021,AccessShareLock,t
1654126384.649156,pk_supplier,10021,AccessShareLock,t
1654126384.649156,supplier,10022,AccessShareLock,t
1654126384.649156,supplier,10023,AccessShareLock,t
1654126384.649156,supplier,10021,AccessShareLock,t
1654126384.649156,supplier_s_nationkey_s_suppkey_idx,10021,AccessShareLock,t
1654126384.649156,supplier_s_nationkey_s_suppkey_idx,10023,AccessShareLock,t
1654126384.649156,supplier_s_nationkey_s_suppkey_idx,10022,AccessShareLock,t
1654126384.649156,supplier_s_suppkey_idx_like,10021,AccessShareLock,t
1654126444.680301,customer,10148,AccessShareLock,t
1654126444.680301,customer,10150,AccessShareLock,t
1654126444.680301,customer,10149,AccessShareLock,t
1654126444.680301,customer_c_mktsegment_c_custkey_idx,10149,AccessShareLock,t
1654126444.680301,customer_c_mktsegment_c_custkey_idx,10148,AccessShareLock,t
1654126444.680301,customer_c_mktsegment_c_custkey_idx,10150,AccessShareLock,t
1654126444.680301,customer_c_nationkey_c_custkey_idx,10148,AccessShareLock,t
1654126444.680301,customer_c_phone_c_acctbal_c_custkey_idx,10148,AccessShareLock,t
1654126444.680301,customer_c_phone_idx_c_acctbal,10148,AccessShareLock,t
1654126444.680301,lineitem,10095,AccessShareLock,t
1654126444.680301,lineitem,10178,AccessShareLock,t
1654126444.680301,lineitem,10150,AccessShareLock,t
1654126444.680301,lineitem,10096,AccessShareLock,t
1654126444.680301,lineitem,10149,AccessShareLock,t
1654126444.680301,lineitem,10177,AccessShareLock,t
1654126444.680301,lineitem,10094,AccessShareLock,t
1654126444.680301,lineitem,10148,AccessShareLock,t
1654126444.680301,lineitem,10176,AccessShareLock,t
1654126444.680301,lineitem_l_orderkey_idx_l_returnflag,10148,AccessShareLock,t
1654126444.680301,lineitem_l_orderkey_idx_l_returnflag,10176,AccessShareLock,t
1654126444.680301,lineitem_l_orderkey_idx_l_returnflag,10094,AccessShareLock,t
1654126444.680301,lineitem_l_orderkey_idx_part2,10148,AccessShareLock,t
1654126444.680301,lineitem_l_orderkey_idx_part2,10094,AccessShareLock,t
1654126444.680301,lineitem_l_orderkey_idx_part2,10176,AccessShareLock,t
1654126444.680301,lineitem_l_orderkey_l_suppkey_idx,10178,AccessShareLock,t
1654126444.680301,lineitem_l_orderkey_l_suppkey_idx,10148,AccessShareLock,t
1654126444.680301,lineitem_l_orderkey_l_suppkey_idx,10094,AccessShareLock,t
1654126444.680301,lineitem_l_orderkey_l_suppkey_idx,10176,AccessShareLock,t
1654126444.680301,lineitem_l_orderkey_l_suppkey_idx,10177,AccessShareLock,t
1654126444.680301,lineitem_l_orderkey_l_suppkey_l_quantity_idx,10176,AccessShareLock,t
1654126444.680301,lineitem_l_orderkey_l_suppkey_l_quantity_idx,10094,AccessShareLock,t
1654126444.680301,lineitem_l_orderkey_l_suppkey_l_quantity_idx,10148,AccessShareLock,t
1654126444.680301,lineitem_l_partkey_l_quantity_l_shipmode_idx,10094,AccessShareLock,t
1654126444.680301,lineitem_l_partkey_l_quantity_l_shipmode_idx,10176,AccessShareLock,t
1654126444.680301,lineitem_l_partkey_l_quantity_l_shipmode_idx,10148,AccessShareLock,t
1654126444.680301,lineitem_l_partkey_l_suppkey_l_shipdate_l_quantity_idx,10094,AccessShareLock,t
1654126444.680301,lineitem_l_partkey_l_suppkey_l_shipdate_l_quantity_idx,10176,AccessShareLock,t
1654126444.680301,lineitem_l_partkey_l_suppkey_l_shipdate_l_quantity_idx,10148,AccessShareLock,t
1654126444.680301,lineitem_l_receiptdate_idx,10148,AccessShareLock,t
1654126444.680301,lineitem_l_receiptdate_idx,10176,AccessShareLock,t
1654126444.680301,lineitem_l_receiptdate_idx,10094,AccessShareLock,t
1654126444.680301,lineitem_l_shipdate_idx,10148,AccessShareLock,t
1654126444.680301,lineitem_l_shipdate_idx,10176,AccessShareLock,t
1654126444.680301,lineitem_l_shipdate_idx,10094,AccessShareLock,t
1654126444.680301,nation,10177,AccessShareLock,t
1654126444.680301,nation,10178,AccessShareLock,t
1654126444.680301,nation,10176,AccessShareLock,t
1654126444.680301,orders,10149,AccessShareLock,t
1654126444.680301,orders,10148,AccessShareLock,t
1654126444.680301,orders,10150,AccessShareLock,t
1654126444.680301,orders,10176,AccessShareLock,t
1654126444.680301,orders_o_custkey_idx,10148,AccessShareLock,t
1654126444.680301,orders_o_custkey_idx,10176,AccessShareLock,t
1654126444.680301,orders_o_orderdate_idx,10148,AccessShareLock,t
1654126444.680301,orders_o_orderdate_idx,10176,AccessShareLock,t
1654126444.680301,orders_o_orderkey_o_orderdate_idx,10148,AccessShareLock,t
1654126444.680301,orders_o_orderkey_o_orderdate_idx,10176,AccessShareLock,t
1654126444.680301,pg_index,10189,AccessShareLock,t
1654126444.680301,pg_index_indexrelid_index,10189,AccessShareLock,t
1654126444.680301,pg_index_indrelid_index,10189,AccessShareLock,t
1654126444.680301,pg_namespace,10189,AccessShareLock,t
1654126444.680301,pg_namespace_nspname_index,10189,AccessShareLock,t
1654126444.680301,pg_namespace_oid_index,10189,AccessShareLock,t
1654126444.680301,pk_customer,10148,AccessShareLock,t
1654126444.680301,pk_lineitem,10094,AccessShareLock,t
1654126444.680301,pk_lineitem,10148,AccessShareLock,t
1654126444.680301,pk_lineitem,10176,AccessShareLock,t
1654126444.680301,pk_nation,10176,AccessShareLock,t
1654126444.680301,pk_orders,10176,AccessShareLock,t
1654126444.680301,pk_orders,10148,AccessShareLock,t
1654126444.680301,pk_supplier,10176,AccessShareLock,t
1654126444.680301,supplier,10176,AccessShareLock,t
1654126444.680301,supplier,10178,AccessShareLock,t
1654126444.680301,supplier,10177,AccessShareLock,t
1654126444.680301,supplier_s_nationkey_s_suppkey_idx,10176,AccessShareLock,t
1654126444.680301,supplier_s_suppkey_idx_like,10176,AccessShareLock,t
