ctime,relid,indexrelid,schemaname,relname,indexrelname,idx_scan,idx_tup_read,idx_tup_fetch,relid,indexrelid,schemaname,relname,indexrelname,idx_blks_read,idx_blks_hit
1719457505.902381,2619,2696,pg_catalog,pg_statistic,pg_statistic_relid_att_inh_index,93851,77410,77157,2619,2696,pg_catalog,pg_statistic,pg_statistic_relid_att_inh_index,19,222172
1719457505.902381,1247,2703,pg_catalog,pg_type,pg_type_oid_index,191827,190381,190381,1247,2703,pg_catalog,pg_type,pg_type_oid_index,7,407117
1719457505.902381,1247,2704,pg_catalog,pg_type,pg_type_typname_nsp_index,2573,974,290,1247,2704,pg_catalog,pg_type,pg_type_typname_nsp_index,8,8736
1719457505.902381,2836,2837,pg_toast,pg_toast_1255,pg_toast_1255_index,0,0,0,2836,2837,pg_toast,pg_toast_1255,pg_toast_1255_index,0,0
1719457505.902381,4171,4172,pg_toast,pg_toast_1247,pg_toast_1247_index,0,0,0,4171,4172,pg_toast,pg_toast_1247,pg_toast_1247_index,0,0
1719457505.902381,2830,2831,pg_toast,pg_toast_2604,pg_toast_2604_index,0,0,0,2830,2831,pg_toast,pg_toast_2604,pg_toast_2604_index,0,0
1719457505.902381,2832,2833,pg_toast,pg_toast_2606,pg_toast_2606_index,0,0,0,2832,2833,pg_toast,pg_toast_2606,pg_toast_2606_index,0,0
1719457505.902381,4157,4158,pg_toast,pg_toast_2612,pg_toast_2612_index,0,0,0,4157,4158,pg_toast,pg_toast_2612,pg_toast_2612_index,0,0
1719457505.902381,4159,4160,pg_toast,pg_toast_2600,pg_toast_2600_index,0,0,0,4159,4160,pg_toast,pg_toast_2600,pg_toast_2600_index,0,0
1719457505.902381,2840,2841,pg_toast,pg_toast_2619,pg_toast_2619_index,2386,3380,3380,2840,2841,pg_toast,pg_toast_2619,pg_toast_2619_index,2,3851
1719457505.902381,3439,3440,pg_toast,pg_toast_3381,pg_toast_3381_index,0,0,0,3439,3440,pg_toast,pg_toast_3381,pg_toast_3381_index,0,0
1719457505.902381,3430,3431,pg_toast,pg_toast_3429,pg_toast_3429_index,0,0,0,3430,3431,pg_toast,pg_toast_3429,pg_toast_3429_index,0,0
1719457505.902381,2838,2839,pg_toast,pg_toast_2618,pg_toast_2618_index,7449,21771,21771,2838,2839,pg_toast,pg_toast_2618,pg_toast_2618_index,2,13758
1719457505.902381,2336,2337,pg_toast,pg_toast_2620,pg_toast_2620_index,0,0,0,2336,2337,pg_toast,pg_toast_2620,pg_toast_2620_index,0,0
1719457505.902381,4145,4146,pg_toast,pg_toast_3466,pg_toast_3466_index,0,0,0,4145,4146,pg_toast,pg_toast_3466,pg_toast_3466_index,0,0
1719457505.902381,2834,2835,pg_toast,pg_toast_2609,pg_toast_2609_index,0,0,0,2834,2835,pg_toast,pg_toast_2609,pg_toast_2609_index,0,0
1719457505.902381,3118,3119,pg_catalog,pg_foreign_table,pg_foreign_table_relid_index,0,0,0,3118,3119,pg_catalog,pg_foreign_table,pg_foreign_table_relid_index,0,0
1719457505.902381,4163,4164,pg_toast,pg_toast_2615,pg_toast_2615_index,0,0,0,4163,4164,pg_toast,pg_toast_2615,pg_toast_2615_index,0,0
1719457505.902381,4177,4178,pg_toast,pg_toast_1262,pg_toast_1262_index,0,0,0,4177,4178,pg_toast,pg_toast_1262,pg_toast_1262_index,1,0
1719457505.902381,2966,2967,pg_toast,pg_toast_2964,pg_toast_2964_index,0,0,0,2966,2967,pg_toast,pg_toast_2964,pg_toast_2964_index,1,0
1719457505.902381,4185,4186,pg_toast,pg_toast_1213,pg_toast_1213_index,0,0,0,4185,4186,pg_toast,pg_toast_1213,pg_toast_1213_index,1,0
1719457505.902381,4175,4176,pg_toast,pg_toast_1260,pg_toast_1260_index,0,0,0,4175,4176,pg_toast,pg_toast_1260,pg_toast_1260_index,1,0
1719457505.902381,2846,2847,pg_toast,pg_toast_2396,pg_toast_2396_index,0,0,0,2846,2847,pg_toast,pg_toast_2396,pg_toast_2396_index,1,0
1719457505.902381,4169,4170,pg_toast,pg_toast_3600,pg_toast_3600_index,0,0,0,4169,4170,pg_toast,pg_toast_3600,pg_toast_3600_index,0,0
1719457505.902381,4147,4148,pg_toast,pg_toast_3079,pg_toast_3079_index,0,0,0,4147,4148,pg_toast,pg_toast_3079,pg_toast_3079_index,0,0
1719457505.902381,4149,4150,pg_toast,pg_toast_2328,pg_toast_2328_index,0,0,0,4149,4150,pg_toast,pg_toast_2328,pg_toast_2328_index,0,0
1719457505.902381,4151,4152,pg_toast,pg_toast_1417,pg_toast_1417_index,0,0,0,4151,4152,pg_toast,pg_toast_1417,pg_toast_1417_index,0,0
1719457505.902381,4173,4174,pg_toast,pg_toast_1418,pg_toast_1418_index,0,0,0,4173,4174,pg_toast,pg_toast_1418,pg_toast_1418_index,0,0
1719457505.902381,4153,4154,pg_toast,pg_toast_3118,pg_toast_3118_index,0,0,0,4153,4154,pg_toast,pg_toast_3118,pg_toast_3118_index,0,0
1719457505.902381,4167,4168,pg_toast,pg_toast_3256,pg_toast_3256_index,0,0,0,4167,4168,pg_toast,pg_toast_3256,pg_toast_3256_index,0,0
1719457505.902381,4181,4182,pg_toast,pg_toast_6000,pg_toast_6000_index,0,0,0,4181,4182,pg_toast,pg_toast_6000,pg_toast_6000_index,1,0
1719457505.902381,4143,4144,pg_toast,pg_toast_826,pg_toast_826_index,0,0,0,4143,4144,pg_toast,pg_toast_826,pg_toast_826_index,0,0
1719457505.902381,4155,4156,pg_toast,pg_toast_3394,pg_toast_3394_index,0,0,0,4155,4156,pg_toast,pg_toast_3394,pg_toast_3394_index,0,0
1719457505.902381,3598,3599,pg_toast,pg_toast_3596,pg_toast_3596_index,0,0,0,3598,3599,pg_toast,pg_toast_3596,pg_toast_3596_index,0,0
1719457505.902381,4060,4061,pg_toast,pg_toast_3592,pg_toast_3592_index,0,0,0,4060,4061,pg_toast,pg_toast_3592,pg_toast_3592_index,1,0
1719457505.902381,6175,6176,pg_toast,pg_toast_3456,pg_toast_3456_index,0,0,0,6175,6176,pg_toast,pg_toast_3456,pg_toast_3456_index,0,0
1719457505.902381,6244,6245,pg_toast,pg_toast_6243,pg_toast_6243_index,0,0,0,6244,6245,pg_toast,pg_toast_6243,pg_toast_6243_index,1,0
1719457505.902381,4165,4166,pg_toast,pg_toast_3350,pg_toast_3350_index,0,0,0,4165,4166,pg_toast,pg_toast_3350,pg_toast_3350_index,0,0
1719457505.902381,6228,6229,pg_toast,pg_toast_6106,pg_toast_6106_index,0,0,0,6228,6229,pg_toast,pg_toast_6106,pg_toast_6106_index,0,0
1719457505.902381,4183,4184,pg_toast,pg_toast_6100,pg_toast_6100_index,0,0,0,4183,4184,pg_toast,pg_toast_6100,pg_toast_6100_index,1,0
1719457505.902381,1260,2677,pg_catalog,pg_authid,pg_authid_oid_index,270393,270393,270393,1260,2677,pg_catalog,pg_authid,pg_authid_oid_index,18,540769
1719457505.902381,1260,2676,pg_catalog,pg_authid,pg_authid_rolname_index,147384,147384,147384,1260,2676,pg_catalog,pg_authid,pg_authid_rolname_index,24,294745
1719457505.902381,3429,3433,pg_catalog,pg_statistic_ext_data,pg_statistic_ext_data_stxoid_inh_index,0,0,0,3429,3433,pg_catalog,pg_statistic_ext_data,pg_statistic_ext_data_stxoid_inh_index,0,0
1719457505.902381,1418,174,pg_catalog,pg_user_mapping,pg_user_mapping_oid_index,0,0,0,1418,174,pg_catalog,pg_user_mapping,pg_user_mapping_oid_index,0,0
1719457505.902381,1418,175,pg_catalog,pg_user_mapping,pg_user_mapping_user_server_index,0,0,0,1418,175,pg_catalog,pg_user_mapping,pg_user_mapping_user_server_index,0,0
1719457505.902381,6100,6114,pg_catalog,pg_subscription,pg_subscription_oid_index,0,0,0,6100,6114,pg_catalog,pg_subscription,pg_subscription_oid_index,5,1172
1719457505.902381,6100,6115,pg_catalog,pg_subscription,pg_subscription_subname_index,0,0,0,6100,6115,pg_catalog,pg_subscription,pg_subscription_subname_index,5,1172
1719457505.902381,1249,2659,pg_catalog,pg_attribute,pg_attribute_relid_attnum_index,3141413,6084935,6084935,1249,2659,pg_catalog,pg_attribute,pg_attribute_relid_attnum_index,34,6998091
1719457505.902381,1249,2658,pg_catalog,pg_attribute,pg_attribute_relid_attnam_index,1842,1839,1839,1249,2658,pg_catalog,pg_attribute,pg_attribute_relid_attnam_index,61,42845
1719457505.902381,1255,2690,pg_catalog,pg_proc,pg_proc_oid_index,99862,99862,99862,1255,2690,pg_catalog,pg_proc,pg_proc_oid_index,11,214494
1719457505.902381,1255,2691,pg_catalog,pg_proc,pg_proc_proname_args_nsp_index,21789,73036,73036,1255,2691,pg_catalog,pg_proc,pg_proc_proname_args_nsp_index,20,54725
1719457505.902381,1259,2662,pg_catalog,pg_class,pg_class_oid_index,1986215,1926457,1905377,1259,2662,pg_catalog,pg_class,pg_class_oid_index,4,4656030
1719457505.902381,1259,3455,pg_catalog,pg_class,pg_class_tblspc_relfilenode_index,21276,15110,15096,1259,3455,pg_catalog,pg_class,pg_class_tblspc_relfilenode_index,6,73083
1719457505.902381,1259,2663,pg_catalog,pg_class,pg_class_relname_nsp_index,34284,22515,21836,1259,2663,pg_catalog,pg_class,pg_class_relname_nsp_index,6,91506
1719457505.902381,2604,2657,pg_catalog,pg_attrdef,pg_attrdef_oid_index,0,0,0,2604,2657,pg_catalog,pg_attrdef,pg_attrdef_oid_index,1,79
1719457505.902381,2604,2656,pg_catalog,pg_attrdef,pg_attrdef_adrelid_adnum_index,0,0,0,2604,2656,pg_catalog,pg_attrdef,pg_attrdef_adrelid_adnum_index,1,79
1719457505.902381,2606,2667,pg_catalog,pg_constraint,pg_constraint_oid_index,0,0,0,2606,2667,pg_catalog,pg_constraint,pg_constraint_oid_index,1,16
1719457505.902381,2606,2579,pg_catalog,pg_constraint,pg_constraint_conparentid_index,0,0,0,2606,2579,pg_catalog,pg_constraint,pg_constraint_conparentid_index,1,16
1719457505.902381,2606,2666,pg_catalog,pg_constraint,pg_constraint_contypid_index,0,0,0,2606,2666,pg_catalog,pg_constraint,pg_constraint_contypid_index,1,16
1719457505.902381,2606,2665,pg_catalog,pg_constraint,pg_constraint_conrelid_contypid_conname_index,1663,569,569,2606,2665,pg_catalog,pg_constraint,pg_constraint_conrelid_contypid_conname_index,2,2304
1719457505.902381,2606,2664,pg_catalog,pg_constraint,pg_constraint_conname_nsp_index,0,0,0,2606,2664,pg_catalog,pg_constraint,pg_constraint_conname_nsp_index,1,16
1719457505.902381,2611,2680,pg_catalog,pg_inherits,pg_inherits_relid_seqno_index,2413,0,0,2611,2680,pg_catalog,pg_inherits,pg_inherits_relid_seqno_index,1,4985
1719457505.902381,2611,2187,pg_catalog,pg_inherits,pg_inherits_parent_index,0,0,0,2611,2187,pg_catalog,pg_inherits,pg_inherits_parent_index,1,159
1719457505.902381,2610,2679,pg_catalog,pg_index,pg_index_indexrelid_index,765506,765509,765470,2610,2679,pg_catalog,pg_index,pg_index_indexrelid_index,2,1445266
1719457505.902381,2610,2678,pg_catalog,pg_index,pg_index_indrelid_index,205406,235395,234944,2610,2678,pg_catalog,pg_index,pg_index_indrelid_index,2,161293
1719457505.902381,2617,2688,pg_catalog,pg_operator,pg_operator_oid_index,22362,22362,22362,2617,2688,pg_catalog,pg_operator,pg_operator_oid_index,4,55124
1719457505.902381,2617,2689,pg_catalog,pg_operator,pg_operator_oprname_l_r_n_index,5906,17807,17807,2617,2689,pg_catalog,pg_operator,pg_operator_oprname_l_r_n_index,6,15685
1719457505.902381,2753,2755,pg_catalog,pg_opfamily,pg_opfamily_oid_index,0,0,0,2753,2755,pg_catalog,pg_opfamily,pg_opfamily_oid_index,0,0
1719457505.902381,2753,2754,pg_catalog,pg_opfamily,pg_opfamily_am_name_nsp_index,0,0,0,2753,2754,pg_catalog,pg_opfamily,pg_opfamily_am_name_nsp_index,0,0
1719457505.902381,2616,2687,pg_catalog,pg_opclass,pg_opclass_oid_index,719758,719758,719758,2616,2687,pg_catalog,pg_opclass,pg_opclass_oid_index,2,1397266
1719457505.902381,2616,2686,pg_catalog,pg_opclass,pg_opclass_am_name_nsp_index,25290,1082160,1082160,2616,2686,pg_catalog,pg_opclass,pg_opclass_am_name_nsp_index,2,34708
1719457505.902381,2601,2652,pg_catalog,pg_am,pg_am_oid_index,160,240,160,2601,2652,pg_catalog,pg_am,pg_am_oid_index,2,175
1719457505.902381,2601,2651,pg_catalog,pg_am,pg_am_name_index,0,0,0,2601,2651,pg_catalog,pg_am,pg_am_name_index,1,16
1719457505.902381,2602,2756,pg_catalog,pg_amop,pg_amop_oid_index,0,0,0,2602,2756,pg_catalog,pg_amop,pg_amop_oid_index,0,0
1719457505.902381,2602,2654,pg_catalog,pg_amop,pg_amop_opr_fam_index,31516,114163,114163,2602,2654,pg_catalog,pg_amop,pg_amop_opr_fam_index,5,73552
1719457505.902381,2602,2653,pg_catalog,pg_amop,pg_amop_fam_strat_index,50887,50887,50887,2602,2653,pg_catalog,pg_amop,pg_amop_fam_strat_index,4,110803
1719457505.902381,2603,2757,pg_catalog,pg_amproc,pg_amproc_oid_index,0,0,0,2603,2757,pg_catalog,pg_amproc,pg_amproc_oid_index,0,0
1719457505.902381,2603,2655,pg_catalog,pg_amproc,pg_amproc_fam_proc_index,718582,2121005,2121005,2603,2655,pg_catalog,pg_amproc,pg_amproc_fam_proc_index,4,2114670
1719457505.902381,2612,2682,pg_catalog,pg_language,pg_language_oid_index,0,0,0,2612,2682,pg_catalog,pg_language,pg_language_oid_index,0,0
1719457505.902381,2612,2681,pg_catalog,pg_language,pg_language_name_index,0,0,0,2612,2681,pg_catalog,pg_language,pg_language_name_index,0,0
1719457505.902381,2995,2996,pg_catalog,pg_largeobject_metadata,pg_largeobject_metadata_oid_index,0,0,0,2995,2996,pg_catalog,pg_largeobject_metadata,pg_largeobject_metadata_oid_index,0,0
1719457505.902381,2600,2650,pg_catalog,pg_aggregate,pg_aggregate_fnoid_index,3903,3903,3903,2600,2650,pg_catalog,pg_aggregate,pg_aggregate_fnoid_index,2,7565
1719457505.902381,3381,3380,pg_catalog,pg_statistic_ext,pg_statistic_ext_oid_index,0,0,0,3381,3380,pg_catalog,pg_statistic_ext,pg_statistic_ext_oid_index,1,79
1719457505.902381,3381,3379,pg_catalog,pg_statistic_ext,pg_statistic_ext_relid_index,20826,0,0,3381,3379,pg_catalog,pg_statistic_ext,pg_statistic_ext_relid_index,1,41731
1719457505.902381,3381,3997,pg_catalog,pg_statistic_ext,pg_statistic_ext_name_index,0,0,0,3381,3997,pg_catalog,pg_statistic_ext,pg_statistic_ext_name_index,1,79
1719457505.902381,2618,2692,pg_catalog,pg_rewrite,pg_rewrite_oid_index,0,0,0,2618,2692,pg_catalog,pg_rewrite,pg_rewrite_oid_index,0,0
1719457505.902381,2618,2693,pg_catalog,pg_rewrite,pg_rewrite_rel_rulename_index,12022,12050,12050,2618,2693,pg_catalog,pg_rewrite,pg_rewrite_rel_rulename_index,2,21765
1719457505.902381,2620,2702,pg_catalog,pg_trigger,pg_trigger_oid_index,0,0,0,2620,2702,pg_catalog,pg_trigger,pg_trigger_oid_index,0,0
1719457505.902381,2620,2701,pg_catalog,pg_trigger,pg_trigger_tgrelid_tgname_index,0,0,0,2620,2701,pg_catalog,pg_trigger,pg_trigger_tgrelid_tgname_index,0,0
1719457505.902381,2620,2699,pg_catalog,pg_trigger,pg_trigger_tgconstraint_index,0,0,0,2620,2699,pg_catalog,pg_trigger,pg_trigger_tgconstraint_index,0,0
1719457505.902381,3466,3468,pg_catalog,pg_event_trigger,pg_event_trigger_oid_index,0,0,0,3466,3468,pg_catalog,pg_event_trigger,pg_event_trigger_oid_index,0,0
1719457505.902381,3466,3467,pg_catalog,pg_event_trigger,pg_event_trigger_evtname_index,2454,0,0,3466,3467,pg_catalog,pg_event_trigger,pg_event_trigger_evtname_index,1,2453
1719457505.902381,2609,2675,pg_catalog,pg_description,pg_description_o_c_o_index,3745,0,0,2609,2675,pg_catalog,pg_description,pg_description_o_c_o_index,3,7507
1719457505.902381,2605,2660,pg_catalog,pg_cast,pg_cast_oid_index,0,0,0,2605,2660,pg_catalog,pg_cast,pg_cast_oid_index,0,0
1719457505.902381,2605,2661,pg_catalog,pg_cast,pg_cast_source_target_index,328574,76045,76045,2605,2661,pg_catalog,pg_cast,pg_cast_source_target_index,2,341607
1719457505.902381,3501,3534,pg_catalog,pg_enum,pg_enum_typid_sortorder_index,0,0,0,3501,3534,pg_catalog,pg_enum,pg_enum_typid_sortorder_index,0,0
1719457505.902381,3501,3503,pg_catalog,pg_enum,pg_enum_typid_label_index,0,0,0,3501,3503,pg_catalog,pg_enum,pg_enum_typid_label_index,0,0
1719457505.902381,3501,3502,pg_catalog,pg_enum,pg_enum_oid_index,0,0,0,3501,3502,pg_catalog,pg_enum,pg_enum_oid_index,0,0
1719457505.902381,2615,2685,pg_catalog,pg_namespace,pg_namespace_oid_index,18041,18041,10979,2615,2685,pg_catalog,pg_namespace,pg_namespace_oid_index,2,24308
1719457505.902381,2615,2684,pg_catalog,pg_namespace,pg_namespace_nspname_index,47327,30371,30368,2615,2684,pg_catalog,pg_namespace,pg_namespace_nspname_index,2,67927
1719457505.902381,2607,2670,pg_catalog,pg_conversion,pg_conversion_oid_index,0,0,0,2607,2670,pg_catalog,pg_conversion,pg_conversion_oid_index,0,0
1719457505.902381,2607,2669,pg_catalog,pg_conversion,pg_conversion_name_nsp_index,0,0,0,2607,2669,pg_catalog,pg_conversion,pg_conversion_name_nsp_index,0,0
1719457505.902381,2607,2668,pg_catalog,pg_conversion,pg_conversion_default_index,0,0,0,2607,2668,pg_catalog,pg_conversion,pg_conversion_default_index,0,0
1719457505.902381,2608,2674,pg_catalog,pg_depend,pg_depend_reference_index,3745,3430,3404,2608,2674,pg_catalog,pg_depend,pg_depend_reference_index,26,17830
1719457505.902381,2608,2673,pg_catalog,pg_depend,pg_depend_depender_index,7490,8230,8230,2608,2673,pg_catalog,pg_depend,pg_depend_depender_index,36,25459
1719457505.902381,1262,2672,pg_catalog,pg_database,pg_database_oid_index,7822073,7822069,7822069,1262,2672,pg_catalog,pg_database,pg_database_oid_index,10,10027119
1719457505.902381,1262,2671,pg_catalog,pg_database,pg_database_datname_index,28593,28585,28582,1262,2671,pg_catalog,pg_database,pg_database_datname_index,30,57155
1719457505.902381,2964,2965,pg_catalog,pg_db_role_setting,pg_db_role_setting_databaseid_rol_index,8820068,0,0,2964,2965,pg_catalog,pg_db_role_setting,pg_db_role_setting_databaseid_rol_index,5,17640212
1719457505.902381,1213,2697,pg_catalog,pg_tablespace,pg_tablespace_oid_index,135072,135072,135072,1213,2697,pg_catalog,pg_tablespace,pg_tablespace_oid_index,20,269492
1719457505.902381,1213,2698,pg_catalog,pg_tablespace,pg_tablespace_spcname_index,0,0,0,1213,2698,pg_catalog,pg_tablespace,pg_tablespace_spcname_index,5,28
1719457505.902381,1261,2694,pg_catalog,pg_auth_members,pg_auth_members_role_member_index,0,0,0,1261,2694,pg_catalog,pg_auth_members,pg_auth_members_role_member_index,1,0
1719457505.902381,1261,2695,pg_catalog,pg_auth_members,pg_auth_members_member_role_index,0,0,0,1261,2695,pg_catalog,pg_auth_members,pg_auth_members_member_role_index,1,0
1719457505.902381,1214,1233,pg_catalog,pg_shdepend,pg_shdepend_reference_index,0,0,0,1214,1233,pg_catalog,pg_shdepend,pg_shdepend_reference_index,1,0
1719457505.902381,1214,1232,pg_catalog,pg_shdepend,pg_shdepend_depender_index,3755,0,0,1214,1232,pg_catalog,pg_shdepend,pg_shdepend_depender_index,5,7506
1719457505.902381,2396,2397,pg_catalog,pg_shdescription,pg_shdescription_o_c_index,3,0,0,2396,2397,pg_catalog,pg_shdescription,pg_shdescription_o_c_index,5,2
1719457505.902381,3602,3712,pg_catalog,pg_ts_config,pg_ts_config_oid_index,7292,7292,7292,3602,3712,pg_catalog,pg_ts_config,pg_ts_config_oid_index,2,10936
1719457505.902381,3602,3608,pg_catalog,pg_ts_config,pg_ts_config_cfgname_index,7292,7292,7292,3602,3608,pg_catalog,pg_ts_config,pg_ts_config_cfgname_index,2,10936
1719457505.902381,3603,3609,pg_catalog,pg_ts_config_map,pg_ts_config_map_index,0,0,0,3603,3609,pg_catalog,pg_ts_config_map,pg_ts_config_map_index,0,0
1719457505.902381,3600,3605,pg_catalog,pg_ts_dict,pg_ts_dict_oid_index,0,0,0,3600,3605,pg_catalog,pg_ts_dict,pg_ts_dict_oid_index,0,0
1719457505.902381,3600,3604,pg_catalog,pg_ts_dict,pg_ts_dict_dictname_index,0,0,0,3600,3604,pg_catalog,pg_ts_dict,pg_ts_dict_dictname_index,0,0
1719457505.902381,3601,3607,pg_catalog,pg_ts_parser,pg_ts_parser_oid_index,0,0,0,3601,3607,pg_catalog,pg_ts_parser,pg_ts_parser_oid_index,0,0
1719457505.902381,3601,3606,pg_catalog,pg_ts_parser,pg_ts_parser_prsname_index,0,0,0,3601,3606,pg_catalog,pg_ts_parser,pg_ts_parser_prsname_index,0,0
1719457505.902381,3764,3767,pg_catalog,pg_ts_template,pg_ts_template_oid_index,0,0,0,3764,3767,pg_catalog,pg_ts_template,pg_ts_template_oid_index,0,0
1719457505.902381,3764,3766,pg_catalog,pg_ts_template,pg_ts_template_tmplname_index,0,0,0,3764,3766,pg_catalog,pg_ts_template,pg_ts_template_tmplname_index,0,0
1719457505.902381,3079,3080,pg_catalog,pg_extension,pg_extension_oid_index,0,0,0,3079,3080,pg_catalog,pg_extension,pg_extension_oid_index,0,0
1719457505.902381,3079,3081,pg_catalog,pg_extension,pg_extension_name_index,0,0,0,3079,3081,pg_catalog,pg_extension,pg_extension_name_index,0,0
1719457505.902381,2328,112,pg_catalog,pg_foreign_data_wrapper,pg_foreign_data_wrapper_oid_index,0,0,0,2328,112,pg_catalog,pg_foreign_data_wrapper,pg_foreign_data_wrapper_oid_index,0,0
1719457505.902381,2328,548,pg_catalog,pg_foreign_data_wrapper,pg_foreign_data_wrapper_name_index,0,0,0,2328,548,pg_catalog,pg_foreign_data_wrapper,pg_foreign_data_wrapper_name_index,0,0
1719457505.902381,1417,113,pg_catalog,pg_foreign_server,pg_foreign_server_oid_index,0,0,0,1417,113,pg_catalog,pg_foreign_server,pg_foreign_server_oid_index,0,0
1719457505.902381,1417,549,pg_catalog,pg_foreign_server,pg_foreign_server_name_index,0,0,0,1417,549,pg_catalog,pg_foreign_server,pg_foreign_server_name_index,0,0
1719457505.902381,3256,3257,pg_catalog,pg_policy,pg_policy_oid_index,0,0,0,3256,3257,pg_catalog,pg_policy,pg_policy_oid_index,1,79
1719457505.902381,3256,3258,pg_catalog,pg_policy,pg_policy_polrelid_polname_index,0,0,0,3256,3258,pg_catalog,pg_policy,pg_policy_polrelid_polname_index,1,79
1719457505.902381,6000,6001,pg_catalog,pg_replication_origin,pg_replication_origin_roiident_index,0,0,0,6000,6001,pg_catalog,pg_replication_origin,pg_replication_origin_roiident_index,1,0
1719457505.902381,6000,6002,pg_catalog,pg_replication_origin,pg_replication_origin_roname_index,0,0,0,6000,6002,pg_catalog,pg_replication_origin,pg_replication_origin_roname_index,1,0
1719457505.902381,826,828,pg_catalog,pg_default_acl,pg_default_acl_oid_index,0,0,0,826,828,pg_catalog,pg_default_acl,pg_default_acl_oid_index,0,0
1719457505.902381,826,827,pg_catalog,pg_default_acl,pg_default_acl_role_nsp_obj_index,82,0,0,826,827,pg_catalog,pg_default_acl,pg_default_acl_role_nsp_obj_index,1,163
1719457505.902381,3394,3395,pg_catalog,pg_init_privs,pg_init_privs_o_c_o_index,3745,0,0,3394,3395,pg_catalog,pg_init_privs,pg_init_privs_o_c_o_index,2,3763
1719457505.902381,3596,3597,pg_catalog,pg_seclabel,pg_seclabel_object_index,3745,0,0,3596,3597,pg_catalog,pg_seclabel,pg_seclabel_object_index,1,7489
1719457505.902381,3592,3593,pg_catalog,pg_shseclabel,pg_shseclabel_object_index,3,0,0,3592,3593,pg_catalog,pg_shseclabel,pg_shseclabel_object_index,3,4
1719457505.902381,3456,3085,pg_catalog,pg_collation,pg_collation_oid_index,1858,474,474,3456,3085,pg_catalog,pg_collation,pg_collation_oid_index,3,3730
1719457505.902381,3456,3164,pg_catalog,pg_collation,pg_collation_name_enc_nsp_index,34,17,17,3456,3164,pg_catalog,pg_collation,pg_collation_name_enc_nsp_index,3,82
1719457505.902381,6243,6247,pg_catalog,pg_parameter_acl,pg_parameter_acl_oid_index,0,0,0,6243,6247,pg_catalog,pg_parameter_acl,pg_parameter_acl_oid_index,1,0
1719457505.902381,6243,6246,pg_catalog,pg_parameter_acl,pg_parameter_acl_parname_index,0,0,0,6243,6246,pg_catalog,pg_parameter_acl,pg_parameter_acl_parname_index,1,0
1719457505.902381,3350,3351,pg_catalog,pg_partitioned_table,pg_partitioned_table_partrelid_index,0,0,0,3350,3351,pg_catalog,pg_partitioned_table,pg_partitioned_table_partrelid_index,0,0
1719457505.902381,3541,3542,pg_catalog,pg_range,pg_range_rngtypid_index,113,0,0,3541,3542,pg_catalog,pg_range,pg_range_rngtypid_index,2,224
1719457505.902381,3541,2228,pg_catalog,pg_range,pg_range_rngmultitypid_index,113,0,0,3541,2228,pg_catalog,pg_range,pg_range_rngmultitypid_index,2,224
1719457505.902381,3576,3574,pg_catalog,pg_transform,pg_transform_oid_index,0,0,0,3576,3574,pg_catalog,pg_transform,pg_transform_oid_index,0,0
1719457505.902381,3576,3575,pg_catalog,pg_transform,pg_transform_type_lang_index,0,0,0,3576,3575,pg_catalog,pg_transform,pg_transform_type_lang_index,0,0
1719457505.902381,2224,5002,pg_catalog,pg_sequence,pg_sequence_seqrelid_index,39,39,39,2224,5002,pg_catalog,pg_sequence,pg_sequence_seqrelid_index,3,97
1719457505.902381,6104,6110,pg_catalog,pg_publication,pg_publication_oid_index,0,0,0,6104,6110,pg_catalog,pg_publication,pg_publication_oid_index,1,239
1719457505.902381,6104,6111,pg_catalog,pg_publication,pg_publication_pubname_index,0,0,0,6104,6111,pg_catalog,pg_publication,pg_publication_pubname_index,1,239
1719457505.902381,6237,6238,pg_catalog,pg_publication_namespace,pg_publication_namespace_oid_index,0,0,0,6237,6238,pg_catalog,pg_publication_namespace,pg_publication_namespace_oid_index,1,79
1719457505.902381,6237,6239,pg_catalog,pg_publication_namespace,pg_publication_namespace_pnnspid_pnpubid_index,95,0,0,6237,6239,pg_catalog,pg_publication_namespace,pg_publication_namespace_pnnspid_pnpubid_index,1,269
1719457505.902381,6106,6112,pg_catalog,pg_publication_rel,pg_publication_rel_oid_index,0,0,0,6106,6112,pg_catalog,pg_publication_rel,pg_publication_rel_oid_index,1,79
1719457505.902381,6106,6116,pg_catalog,pg_publication_rel,pg_publication_rel_prpubid_index,0,0,0,6106,6116,pg_catalog,pg_publication_rel,pg_publication_rel_prpubid_index,1,79
1719457505.902381,6106,6113,pg_catalog,pg_publication_rel,pg_publication_rel_prrelid_prpubid_index,96,0,0,6106,6113,pg_catalog,pg_publication_rel,pg_publication_rel_prrelid_prpubid_index,1,271
1719457505.902381,6102,6117,pg_catalog,pg_subscription_rel,pg_subscription_rel_srrelid_srsubid_index,0,0,0,6102,6117,pg_catalog,pg_subscription_rel,pg_subscription_rel_srrelid_srsubid_index,0,0
1719457505.902381,2613,2683,pg_catalog,pg_largeobject,pg_largeobject_loid_pn_index,0,0,0,2613,2683,pg_catalog,pg_largeobject,pg_largeobject_loid_pn_index,0,0
1719457505.902381,14042,14043,pg_toast,pg_toast_14039,pg_toast_14039_index,0,0,0,14042,14043,pg_toast,pg_toast_14039,pg_toast_14039_index,0,0
1719457505.902381,14047,14048,pg_toast,pg_toast_14044,pg_toast_14044_index,0,0,0,14047,14048,pg_toast,pg_toast_14044,pg_toast_14044_index,0,0
1719457505.902381,14052,14053,pg_toast,pg_toast_14049,pg_toast_14049_index,0,0,0,14052,14053,pg_toast,pg_toast_14049,pg_toast_14049_index,0,0
1719457505.902381,14057,14058,pg_toast,pg_toast_14054,pg_toast_14054_index,0,0,0,14057,14058,pg_toast,pg_toast_14054,pg_toast_14054_index,0,0
1719457505.902381,4268132,4268133,pg_toast,pg_toast_4268129,pg_toast_4268129_index,0,0,0,4268132,4268133,pg_toast,pg_toast_4268129,pg_toast_4268129_index,0,0
1719457505.902381,4268137,4268138,pg_toast,pg_toast_4268134,pg_toast_4268134_index,0,0,0,4268137,4268138,pg_toast,pg_toast_4268134,pg_toast_4268134_index,0,0
1719457505.902381,4268145,4268146,pg_toast,pg_toast_4268142,pg_toast_4268142_index,0,0,0,4268145,4268146,pg_toast,pg_toast_4268142,pg_toast_4268142_index,0,0
1719457505.902381,4268171,4268172,pg_toast,pg_toast_4268168,pg_toast_4268168_index,0,0,0,4268171,4268172,pg_toast,pg_toast_4268168,pg_toast_4268168_index,0,0
1719457505.902381,4268191,4268192,pg_toast,pg_toast_4268188,pg_toast_4268188_index,0,0,0,4268191,4268192,pg_toast,pg_toast_4268188,pg_toast_4268188_index,0,0
